EmailAddress,SubscriberKey,FirstName,LastName,Country,OptInDate,OptInSource,Interest,myNTOLevel,myNTOBalance,Gender,Birthday,StoreId,Newsletter,Promotion,Customer,PreferredName
reedelizabeth@hotmail.com,89f6a5e4-37cc-4fc1-a051-96d6644ea094,Kelly,Barker,UK,11/10/2022 12:00:00 AM,Mobile App,Tennis,Platinum,3687,Non-Binary,3/25/2003 12:00:00 AM,1,True,True,True,B Kelly
davidacosta@hotmail.com,b142a51f-5b5d-4ffd-8332-5c78c5d75407,Stephen,Frederick,Australia,9/14/2024 12:00:00 AM,Social Media,Cycling,Silver,1638,Female,11/26/1996 12:00:00 AM,2,True,True,True,Steph
adamsandrea@gmail.com,850a759c-cea3-425d-a8ee-a368d00a1640,Danielle,Miller,India,3/9/2025 12:00:00 AM,Mobile App,Golf,Bronze,606,Female,1/17/1948 12:00:00 AM,3,True,True,True,
ochoaseth@yahoo.com,cfc39966-fa16-42bb-8ee9-72a3d524a78a,Kristen,Gordon,Germany,4/18/2020 12:00:00 AM,Mobile App,Golf,Bronze,1041,Male,6/23/1964 12:00:00 AM,4,True,True,True,
hgarza@miller.com,0a7d3320-0901-4fd2-af73-ec9de18008fe,Christina,Gallegos,South Africa,4/4/2022 12:00:00 AM,Social Media,Soccer,Gold,8525,Non-Binary,1/13/1957 12:00:00 AM,5,True,True,True,
ngibbs@kim.com,c1f1a357-c23c-4201-b667-dbfe852440c7,Catherine,Gonzales,Brazil,9/29/2021 12:00:00 AM,Mobile App,Cricket,Platinum,4897,Non-Binary,7/11/1962 12:00:00 AM,6,False,False,False,
samanthaparsons@gmail.com,0a36299c-a932-4071-ae31-0a947f956bd1,Sarah,Kennedy,South Africa,5/24/2023 12:00:00 AM,Social Media,Golf,Bronze,500,Female,7/9/1960 12:00:00 AM,7,True,True,True,
dunnbrittany@yahoo.com,10d991c5-4d51-4f93-b15d-af10c4c7441c,Michelle,Ho,Australia,4/13/2024 12:00:00 AM,Mobile App,Cricket,Platinum,8891,Female,1/2/1969 12:00:00 AM,8,True,True,True,
ahernandez@yahoo.com,81c3732f-01f2-4b01-9df4-64e323e75814,Glenn,Orozco,Germany,1/14/2025 12:00:00 AM,Mobile App,Gymnastics,Silver,1334,Female,4/7/1988 12:00:00 AM,9,True,True,False,
beckyhill@nixon-williams.com,ca146f63-e331-4794-bb43-8f62560f6deb,Natasha,Rhodes,Germany,1/20/2024 12:00:00 AM,Referral,Basketball,Platinum,3867,Female,5/16/1967 12:00:00 AM,10,False,False,False,
jeremy59@gmail.com,1660fb04-48a1-4a6f-b687-b163aa92e34c,Susan,Kennedy,UK,10/16/2023 12:00:00 AM,Social Media,Cricket,Platinum,8684,Male,7/19/1956 12:00:00 AM,11,False,False,False,
carl86@beck.com,9f72a3cc-733e-4c0c-8d5d-d458bbe5cb36,Christopher,Martinez,France,8/20/2020 12:00:00 AM,Mobile App,Basketball,Silver,3663,Male,9/12/1975 12:00:00 AM,12,False,False,False,
camposmegan@stevens-anderson.com,632181c1-5faa-43fb-9914-4e1284742510,Jacob,Riley,Germany,6/26/2022 12:00:00 AM,Website,Running,Bronze,2740,Female,11/13/1959 12:00:00 AM,13,False,True,True,
john37@price.com,edf5c3e1-4a02-4eab-8e1c-11126e6bd3de,Jacob,Guerrero,India,5/12/2023 12:00:00 AM,Mobile App,Running,Platinum,713,Female,6/4/1976 12:00:00 AM,14,False,False,False,
robertsbrent@sanchez-hill.com,c61fdceb-6466-4715-81ba-6e76380e82a8,Angel,Smith,Brazil,3/20/2022 12:00:00 AM,Social Media,Basketball,Gold,8918,Male,11/12/1967 12:00:00 AM,15,True,True,True,
ariasmatthew@jackson-ward.org,ef8c0f17-d5ed-4d88-8c02-fd07e2cc5818,Luke,Smith,Canada,4/21/2020 12:00:00 AM,Mobile App,Soccer,Silver,3528,Male,3/31/1950 12:00:00 AM,16,True,False,False,
calderonzachary@smith-gardner.com,46ca44cd-8b22-4b58-9b37-9be53991165b,Nathaniel,Welch,Canada,10/11/2023 12:00:00 AM,Social Media,Cycling,Gold,3020,Female,11/4/2000 12:00:00 AM,17,True,True,True,
craigtyler@dougherty.info,7111bb54-8960-4a07-9db9-305aac553126,Heidi,Maldonado,UK,5/6/2020 12:00:00 AM,Social Media,Tennis,Platinum,766,Non-Binary,6/2/1974 12:00:00 AM,18,False,True,True,
clarkkimberly@thomas.com,d50f857a-2154-4e0e-9a24-5f98c902e45f,Matthew,Brooks,Australia,8/15/2022 12:00:00 AM,Website, ,Gold,8463,Male,12/14/1992 12:00:00 AM,19,False,True,True,
john36@yahoo.com,2466617a-5f65-4350-ab8f-1f0b93d53da6,Mary,Terry,India,11/28/2021 12:00:00 AM,Mobile App,Baseball,Platinum,7298,Non-Binary,1/10/1993 12:00:00 AM,20,True,True,True,
ehernandez@yahoo.com,2b39ba21-7b30-4953-8f80-046eb1d53faa,Melissa,Stokes,USA,3/31/2021 12:00:00 AM, ,Gymnastics,Gold,5289,Female,12/22/1978 12:00:00 AM,21,True,False,False,
kristin21@hotmail.com,b26267fc-21fd-4e02-abdb-e00cf3ad031f,Denise,Campbell,Japan,9/17/2020 12:00:00 AM,In-Store,Swimming,Platinum,8823,Non-Binary,10/6/1948 12:00:00 AM,22,True,True,True,
russelljohn@martinez-patterson.net,01d26ab8-ab9a-4ce5-b13c-d9b814df3298,Dwayne,Rojas,Australia,10/31/2021 12:00:00 AM,Mobile App,Running,Platinum,177,Male,4/16/1977 12:00:00 AM,23,True,False,False,
hodgesgregory@yahoo.com,94646b05-7942-44f6-b680-2ff0af680d7f,Amber,Medina,South Africa,4/16/2023 12:00:00 AM,In-Store,Baseball,Silver,4335,Non-Binary,3/18/1992 12:00:00 AM,24,False,False,False,
gweaver@gmail.com,8455745f-b6bf-4de0-8b8d-8e2944ce727e,Adrian,Hughes,Canada,4/13/2020 12:00:00 AM, ,Running,Gold,4709,Male,8/26/1956 12:00:00 AM,25,True,True,True,
parkjon@clarke.com,dc8004e6-1076-48df-87b3-a8b6f31a4f60,Robert,Sosa,USA,2/4/2023 12:00:00 AM,Referral,Running,Silver,3420,Non-Binary,12/5/1949 12:00:00 AM,26,False,True,True,
rogersreginald@hotmail.com,82899f8b-5a66-48ac-b69e-4e2aef907832,Nicholas,Payne,Australia,1/2/2022 12:00:00 AM,Social Media,Soccer,Bronze,4056,Female,3/20/1986 12:00:00 AM,27,False,False,False,
cookbrittany@west-myers.com,1e70ab1b-11a5-42e7-8e9e-ce3288b59706,Beth,Marks,Germany,8/31/2024 12:00:00 AM,Website,Running,Gold,5375,Female,4/26/1988 12:00:00 AM,28,True,False,False,
douglas91@hernandez.com,388b6962-2065-4cdc-b7f3-bb19304408c9,Amy,Perkins,USA,6/13/2020 12:00:00 AM,Referral,Tennis,Bronze,490,Female,7/4/1993 12:00:00 AM,29,True,True,True,
jacksonjoel@vazquez.com,23bf4cc9-8bb5-4dd7-914d-8a5b10b5f61a,Heather,Robinson,Australia,5/27/2021 12:00:00 AM,Social Media,Soccer,Bronze,2282,Female,3/12/1953 12:00:00 AM,30,False,True,True,
isaiah45@gmail.com,f3ad7e13-c2da-4e5e-89b8-b22916aad8ef,Melissa,English,Japan,5/22/2021 12:00:00 AM,Referral,Gymnastics,Platinum,566,Female,2/1/2007 12:00:00 AM,31,False,False,False,
tiffany35@yahoo.com,7701d510-98c6-4717-9780-7a3d80046ca8,David,Carpenter,South Africa,6/28/2024 12:00:00 AM,In-Store,Baseball,Bronze,8129,Female,5/22/1992 12:00:00 AM,32,False,True,True,
cookelizabeth@yahoo.com,456d1c83-ec8e-469b-8ef2-ef408c31c1c2,Pamela,Barnes,Canada,7/28/2023 12:00:00 AM,Website,Cricket,Bronze,7764,Female,11/10/1985 12:00:00 AM,33,True,True,False,
katherinecox@gmail.com,68c4a623-c729-4f83-8554-18ea901567fa,Yolanda,Rhodes,Brazil,4/7/2021 12:00:00 AM,Mobile App,Tennis,Platinum,6712,Male,8/2/1982 12:00:00 AM,34,False,True,False,
sobrien@hotmail.com,a0611318-0228-4e13-bbf5-f3bc508b2145,Teresa,Day,France,10/3/2021 12:00:00 AM,Website,Baseball,Gold,9563,Male,5/23/1988 12:00:00 AM,35,True,True,False,
whitelaurie@hotmail.com,27191e58-1088-4c32-8bee-d3b03e123ba8,Shannon,Moore,Australia,12/31/2022 12:00:00 AM,Website,Swimming,Bronze,5089,Non-Binary,2/13/1991 12:00:00 AM,36,True,True,True,
kristen50@gmail.com,9d4b2f15-bbdd-4002-98d5-7a1e25ec1ac7,James,Webb,Australia,3/20/2023 12:00:00 AM,Social Media,Cricket,Gold,3200,Non-Binary,3/5/1966 12:00:00 AM,37,True,True,True,
lisa39@smith.com,f2f3083c-babc-46e7-bd09-82130eca52f5,Nicholas,Mcdaniel,Canada,10/10/2022 12:00:00 AM,Social Media,Swimming,Gold,5890,Non-Binary,5/30/1953 12:00:00 AM,38,False,False,True,
butleranthony@gmail.com,a5e70285-e2d2-437d-928e-5f26a98541df,Courtney,Davis,Germany,9/9/2020 12:00:00 AM,Website,Golf,Platinum,1278,Non-Binary,8/16/1960 12:00:00 AM,39,True,True,True,
wilsonryan@rogers.com,bf667091-4223-4f23-a570-51c9d1c8ae7e,Heather,Hernandez,UK,6/6/2020 12:00:00 AM,In-Store,Running,Bronze,4446,Female,7/18/1994 12:00:00 AM,40,False,True,True,
karengraves@hotmail.com,4bd11fae-27c6-4b46-a5be-f177dc9d7fd5,Stephanie,Harris,Japan,1/9/2022 12:00:00 AM,Social Media,Golf,Bronze,3255,Female,8/19/1997 12:00:00 AM,41,True,True,False,
richard27@green.biz,842ace69-b064-4028-9874-6d87a38982d5,Brian,Sanchez,South Africa,12/15/2021 12:00:00 AM,Referral,Gymnastics,Platinum,8083,Male,4/24/1946 12:00:00 AM,42,False,False,True,
jhutchinson@gmail.com,fd390c7f-cd1d-45e7-9887-753aff07dfa5,Jeremy,Donovan,Australia,4/23/2022 12:00:00 AM,Website,Soccer,Silver,2707,Non-Binary,4/28/1972 12:00:00 AM,43,False,False,False,
liustacy@gmail.com,a01f3026-6d44-45c6-bdc9-be4a608f4255,Ryan,Smith,Brazil,11/7/2021 12:00:00 AM,Mobile App,Cricket,Platinum,3397,Non-Binary,9/7/2001 12:00:00 AM,44,True,False,True,
michael75@davis.com,ad06aa1d-3eb1-4b9e-9562-16f00721aae3,Vincent,May,India,2/13/2022 12:00:00 AM,Referral,Basketball,Gold,1916,Non-Binary,3/3/1954 12:00:00 AM,45,False,True,False,
ojohnson@gmail.com,392c651e-c2c1-4f39-a84d-8697ae95a9a7,Felicia,Novak,Canada,8/29/2022 12:00:00 AM,Mobile App,Soccer,Platinum,8185,Male,1/10/2001 12:00:00 AM,46,False,False,False,
jamesewing@gmail.com,df64c04b-d57b-48e7-80a4-1c418c0ebf87,Matthew,Haas,UK,5/21/2024 12:00:00 AM,Referral,Cycling,Silver,6943,Male,7/7/1998 12:00:00 AM,47,False,True,True,
perezjessica@gmail.com,2c3c8b46-7400-4288-9d41-b75e77c63690,Jenna,Weaver,France,6/19/2022 12:00:00 AM,In-Store,Cycling,Platinum,5712,Non-Binary,5/18/1965 12:00:00 AM,48,True,False,False,
christophercallahan@gmail.com,75a3cea4-2703-41e7-9793-8f53b2c1140a,Jeffrey,Ray,Australia,5/31/2024 12:00:00 AM,Referral,Cricket,Silver,785,Non-Binary,5/27/1973 12:00:00 AM,49,True,True,False,
jon68@randall.net,40554c38-9562-489e-8079-399d676c96f6,Robin,Bond,Japan,5/25/2021 12:00:00 AM,Social Media,Soccer,Silver,2891,Male,2/18/1976 12:00:00 AM,50,True,True,True,
tiffany42@hotmail.com,62f26e50-07d1-4bc1-9e39-78124b0fbdc2,Nicholas,Morgan,India,10/5/2024 12:00:00 AM,Referral,Basketball,Platinum,4599,Female,8/21/2006 12:00:00 AM,51,False,True,True,
qhunt@yahoo.com,689034c7-3264-4c06-9a0c-4546bbf6c809,Benjamin,King,Brazil,10/17/2021 12:00:00 AM,Mobile App,Cricket,Silver,2403,Non-Binary,10/8/1998 12:00:00 AM,52,True,True,True,
acostarichard@tran-robinson.com,15a40e93-52e4-4d0c-883a-4a5909cb0370,Angela,Martinez,Canada,10/30/2023 12:00:00 AM,Website,Swimming,Bronze,1863,Non-Binary,9/23/1972 12:00:00 AM,53,False,False,False,
terrytimothy@gmail.com,681fb7ae-7d35-44b3-94bc-c83dc3e99669,Joshua,Solis,South Africa,8/4/2023 12:00:00 AM,Mobile App,Cycling,Gold,8624,Male,5/29/1976 12:00:00 AM,54,False,True,True,
brandon38@shaffer-castaneda.com,7cc36873-8d47-485a-865f-b67ba79e84f9,Justin,Morse,Australia,10/31/2020 12:00:00 AM, ,Baseball,Gold,41,Female,6/16/1980 12:00:00 AM,55,False,False,False,
holly44@parker.org,c3bca449-e367-4058-9f99-62cffe758285,Kayla,Smith,Germany,2/3/2021 12:00:00 AM,In-Store,Swimming,Bronze,5979,Non-Binary,3/19/1982 12:00:00 AM,56,False,False,True,
uallen@yahoo.com,4e3b5d1f-12c7-4145-960f-f0db88ef4f0e,Keith,Jones,USA,1/26/2025 12:00:00 AM,Social Media,Cycling,Bronze,9135,Male,12/18/2003 12:00:00 AM,57,True,True,True,
foxjames@reyes-oliver.com,4a7782ea-2e72-498a-af23-d50b3f01a056,Dana,Allen,Australia,5/10/2023 12:00:00 AM,Referral,Gymnastics,Bronze,7863,Female,9/4/1946 12:00:00 AM,58,True,True,True,
stephenbradford@yahoo.com,4d2dcb46-11af-45ab-9f70-bd18752ae648,Christopher,Jordan,Japan,8/1/2023 12:00:00 AM,Social Media,Baseball,Silver,6595,Non-Binary,12/7/2006 12:00:00 AM,59,True,False,True,
jacob60@watkins.com,2ad5846c-5d0c-46ab-8b32-06a034c1bbc2,Joshua,Bartlett,USA,4/6/2021 12:00:00 AM,Mobile App,Gymnastics,Gold,8838,Male,8/21/1947 12:00:00 AM,60,False,False,False,
reynoldsbecky@mann.com,145ffdd6-13e3-490b-b97b-c2fdcaf8d825,James,Smith,Germany,10/15/2024 12:00:00 AM,Website,Golf,Platinum,9385,Female,3/31/1967 12:00:00 AM,61,True,True,True,
tiffany44@newman.com,f87d370f-215d-4081-8ee2-f70cd3a02103,William,Hall,Germany,12/22/2024 12:00:00 AM,Social Media,Running,Silver,8465,Non-Binary,6/26/1979 12:00:00 AM,62,True,True,True,
burnsshawn@lane.com,7ba8b499-1eb7-4fd5-96e4-dfc7d12a72e5,Francisco,Lang,South Africa,4/8/2021 12:00:00 AM,Referral,Cricket,Platinum,398,Male,1/15/2004 12:00:00 AM,63,True,False,False,
ryanhayden@griffith.com,3feb0a66-dec3-42db-b5e4-8a14a91ed60d,William,Porter,France,10/20/2020 12:00:00 AM,Mobile App,Cycling,Bronze,989,Non-Binary,6/7/1989 12:00:00 AM,64,True,True,False,
aliciahill@richards-martin.com,779d5e91-c2e0-4942-9eeb-9bf23f87fe33,Larry,Garza,Australia,5/20/2024 12:00:00 AM,Social Media,Cycling,Gold,6281,Non-Binary,8/1/1945 12:00:00 AM,65,True,True,False,
agriffin@yahoo.com,40407d4f-81f1-45da-ade4-a26b4ac0e88d,Scott,Osborn,Japan,5/14/2022 12:00:00 AM,Referral,Golf,Platinum,1377,Non-Binary,5/14/2002 12:00:00 AM,66,False,True,False,
lisa40@hotmail.com,9b153df7-f290-425d-b7f6-755d167c3ef4,Mary,Young,Germany,10/22/2022 12:00:00 AM,Referral,Baseball,Gold,7736,Non-Binary,4/18/1999 12:00:00 AM,67,True,True,True,
williamsjoseph@hotmail.com,8acceb7c-4e80-4617-9324-5469d7701d07,Tammy,Ramirez,India,6/24/2023 12:00:00 AM,Social Media,Golf,Bronze,4515,Female,8/8/1950 12:00:00 AM,68,False,True,True,
wellsnathan@hall.com,ff583deb-1d24-4f13-b8e8-d97474cbee8c,Justin,Roberts,Australia,7/2/2024 12:00:00 AM,Website,Cricket,Bronze,4007,Non-Binary,2/21/1992 12:00:00 AM,69,False,True,True,
rhoward@cline-martinez.com,62b887ad-1c1f-4587-8161-ddf40f2d33a4,Christina,Robles,Japan,3/31/2024 12:00:00 AM,Referral,Running,Gold,1870,Female,1/19/1957 12:00:00 AM,70,False,False,False,
michelle87@kennedy.com,76c89cd5-92e6-4b82-9fe9-73acd0148f25,Michelle,Allen,India,8/20/2020 12:00:00 AM,In-Store,Tennis,Bronze,2563,Non-Binary,11/3/1950 12:00:00 AM,71,True,True,False,
zbrown@wall.net,65f664c2-7d5a-4437-8d05-5b9e5437a852,Stacey,Martin,Australia,7/9/2024 12:00:00 AM,Website,Cycling,Silver,4773,Male,12/25/1971 12:00:00 AM,72,True,True,True,
uwood@gmail.com,986cfb75-dd59-4fe6-9468-1f4b17b55fbf,Jordan,Knox,UK,7/16/2021 12:00:00 AM,Mobile App,Basketball,Gold,4413,Non-Binary,9/12/1962 12:00:00 AM,73,True,True,False,
kimberly64@gmail.com,4bdc598e-9e1d-4c17-be61-ea043f0b091d,Andrew,Williams,Japan,4/8/2024 12:00:00 AM,In-Store,Swimming,Gold,6418,Non-Binary,2/1/1980 12:00:00 AM,74,True,False,False,
brooksmichael@hotmail.com,21c42752-accd-48ec-b072-421bb3f628aa,Michelle,Duran,France,6/18/2024 12:00:00 AM,Social Media,Cricket,Bronze,230,Female,12/4/2003 12:00:00 AM,75,False,False,True,
nicholas73@gibson.com,19924539-1ae4-44c0-a1bb-68257cadbf19,William,Hill,Brazil,8/5/2024 12:00:00 AM,Referral,Gymnastics,Bronze,2928,Female,5/30/1961 12:00:00 AM,76,True,False,False,
henryjordan@day.com,846bb99e-486a-4399-8a15-49987a8bfae1,Angie,Gibbs,France,8/7/2024 12:00:00 AM,Social Media,Tennis,Gold,9090,Female,2/26/1962 12:00:00 AM,77,True,True,False,
isaac95@powell.net,b8232476-56cb-470a-b6ae-6719d48e2209,Brandon,West,UK,1/20/2021 12:00:00 AM,Social Media,Swimming,Bronze,8965,Non-Binary,9/21/1964 12:00:00 AM,78,False,False,False,
michellehenry@taylor.com,40a3c123-8a1e-481d-a705-1aa844f4ebe4,Sherri,Bennett,Japan,5/18/2022 12:00:00 AM,Social Media,Cricket,Silver,4752,Non-Binary,2/8/1986 12:00:00 AM,79,False,True,False,
jamiehiggins@rodriguez.com,0cb7a188-ad0b-4978-aa6d-a42cbdfd5f01,Robert,Brown,Canada,1/26/2022 12:00:00 AM,Mobile App,Soccer,Bronze,2081,Non-Binary,12/31/2005 12:00:00 AM,80,False,False,True,
emily91@randolph.net,edcf2258-4355-4192-999e-7f4313e56512,Frederick,Lopez,UK,7/30/2023 12:00:00 AM,Website,Tennis,Silver,3098,Female,8/28/2001 12:00:00 AM,81,False,True,False,
dianaschwartz@baxter-walker.com,1cdd795d-d348-4403-862c-054538b3750b,Jason,Pineda,Canada,1/18/2023 12:00:00 AM,In-Store,Gymnastics,Bronze,7930,Female,3/1/1995 12:00:00 AM,82,True,True,True,
hgomez@calderon-deleon.info,51c0ee91-b74d-4a8e-ae36-ab81ab006864,Dennis,Meadows,Germany,8/18/2024 12:00:00 AM,Mobile App,Cricket,Gold,3589,Non-Binary,1/25/2006 12:00:00 AM,83,True,True,True,
rjordan@hotmail.com,d7c145a3-f221-4711-be7e-881722287e54,Gregory,Robertson,Australia,10/2/2024 12:00:00 AM,Mobile App,Golf,Platinum,8886,Male,10/14/1980 12:00:00 AM,84,True,True,True,
kylebrown@gonzalez.com,11c8e964-2300-4b53-9c25-590f03b24f54,Cynthia,House,South Africa,8/9/2020 12:00:00 AM,Website,Golf,Gold,3443,Non-Binary,12/5/1990 12:00:00 AM,85,True,False,False,
ugarza@yahoo.com,5365e017-ea7f-4f2c-9ee2-f3d221f2a5ca,Paula,Newton,Australia,11/1/2023 12:00:00 AM,Website,Swimming,Gold,2577,Female,10/21/1981 12:00:00 AM,86,True,True,False,
jared01@romero.info,c457ded3-fc44-4903-bdd3-e16b2a0addf2,Wendy,Mccall,Japan,10/5/2021 12:00:00 AM,In-Store,Basketball,Gold,1372,Female,9/15/1950 12:00:00 AM,87,True,False,True,
stephen96@gmail.com,be5b4158-0f62-467f-9d42-e2ce67e8d2ca,Alex,Romero,USA,3/30/2020 12:00:00 AM,Mobile App,Cycling,Silver,8795,Female,8/8/1965 12:00:00 AM,88,False,False,True,
staceycox@hernandez-delacruz.com,97316fb8-008a-414b-b2fc-bcad9628bbe1,Rhonda,Robles,France,10/3/2024 12:00:00 AM,In-Store,Cricket,Bronze,6340,Female,1/26/1953 12:00:00 AM,89,False,True,False,
kgalloway@gmail.com,3ee6eb89-e9b4-4a87-a98d-91109180973a,Laurie,Marshall,Japan,5/19/2023 12:00:00 AM,Mobile App,Cricket,Platinum,6077,Male,9/29/1989 12:00:00 AM,90,True,True,True,
loganregina@snow-hayes.info,4a341142-8103-4c1d-a283-fe1cdf7aa3ac,Thomas,Walton,India,12/19/2021 12:00:00 AM,In-Store,Golf,Bronze,5122,Non-Binary,5/30/1985 12:00:00 AM,91,False,False,False,
stephanie70@sherman.com,ad0566fa-20b4-4915-9f9b-9474ad945d5f,Seth,Castro,Brazil,10/13/2022 12:00:00 AM,In-Store,Basketball,Gold,6737,Male,11/11/1992 12:00:00 AM,92,False,False,False,
joycemcmillan@yahoo.com,e313989d-ae83-4549-9b50-9478b18c2123,David,Chen,Canada,2/2/2024 12:00:00 AM,Referral,Swimming,Gold,3248,Female,3/12/1994 12:00:00 AM,93,True,True,True,
nicolecoleman@chen-davies.com,5bdb3174-ab76-4c23-a415-f42539ff10bb,Brandon,Munoz,UK,5/19/2024 12:00:00 AM,Social Media,Baseball,Bronze,410,Female,6/30/1958 12:00:00 AM,94,False,True,True,
tina93@yahoo.com,843e8d51-0ff0-4a4d-a3e9-d2c47a596ac8,Matthew,Clark,France,4/4/2021 12:00:00 AM,In-Store,Swimming,Platinum,4828,Female,6/10/1977 12:00:00 AM,95,True,False,True,
mercadonancy@romero.com,4a0b3cb8-3ce9-4ee6-afbe-73182938632e,Brandi,Hobbs,Canada,8/10/2020 12:00:00 AM,Website,Tennis,Platinum,915,Male,6/18/1974 12:00:00 AM,96,True,True,False,
briggsthomas@collier-clark.org,16adac1a-e824-4643-b497-7bc7e02958c3,Adam,Wilson,USA,7/23/2021 12:00:00 AM,Mobile App,Cycling,Silver,4767,Non-Binary,9/16/1985 12:00:00 AM,97,False,True,True,
fullercolin@davis-hoffman.net,65f96de6-c209-4b5d-a314-e5ab5fa5cc27,Tyler,Marshall,UK,9/27/2021 12:00:00 AM,Website,Tennis,Silver,8425,Male,3/5/1965 12:00:00 AM,98,True,True,False,
nicole97@reed.com,47749cf2-61f4-4c1c-8317-1f0338867cbe,Jeremy,Quinn,Germany,8/28/2021 12:00:00 AM,Social Media,Tennis,Gold,5880,Non-Binary,2/21/1978 12:00:00 AM,99,False,True,False,
dbenton@gmail.com,5e845eac-5b8d-4f64-b5a9-7ba898d76060,David,Russo,Canada,4/9/2020 12:00:00 AM, ,Running,Gold,8550,Non-Binary,7/27/1991 12:00:00 AM,100,True,True,False,
hvelez@smith.com,cea2dedc-2b9d-41cb-a97e-5a78262b61d2,Jason,Nelson,Canada,11/20/2024 12:00:00 AM,Mobile App,Golf,Gold,8465,Non-Binary,5/15/1970 12:00:00 AM,101,False,True,False,
browntara@yahoo.com,4f2de0bb-b44e-4f2b-98dd-d0868858eb51,Kathleen,Arnold,South Africa,8/14/2022 12:00:00 AM,Mobile App,Tennis,Silver,3842,Male,6/17/1960 12:00:00 AM,102,True,False,True,
kylepham@quinn.org,f8beb7fd-eb04-46cf-a23e-100d8393de6c,Charlotte,Evans,Germany,2/7/2025 12:00:00 AM,Referral,Basketball,Gold,613,Female,6/7/2004 12:00:00 AM,103,True,True,False,
wharris@bennett-thomas.com,450e131f-21e1-49bf-8d40-89514431bfe2,Holly,Stuart,Brazil,7/19/2024 12:00:00 AM,Referral,Gymnastics,Platinum,1294,Female,7/13/1966 12:00:00 AM,104,True,True,True,
thomaswiley@yahoo.com,b467c8af-1475-4a12-96f1-4a46db7573a4,Yvonne,Long,France,12/29/2020 12:00:00 AM,Social Media,Baseball,Silver,2213,Non-Binary,11/23/1951 12:00:00 AM,105,True,True,True,
geoffreywebb@galloway.com,f02160f8-80f2-4479-89fc-e31d7990cc35,Rhonda,Peterson,Canada,8/30/2024 12:00:00 AM,In-Store,Basketball,Bronze,9940,Female,10/6/1981 12:00:00 AM,106,False,False,True,
barneselizabeth@underwood-johnson.net,527a4602-a631-4ba1-87ec-c02ac69d668d,Kathleen,Williams,Japan,8/2/2022 12:00:00 AM,Social Media,Tennis,Bronze,4969,Female,2/10/1971 12:00:00 AM,107,True,False,False,
xryan@hotmail.com,895569d5-1214-4ab9-b03d-ff20c36103bb,Sandra,Aguilar,UK,7/23/2022 12:00:00 AM,In-Store,Running,Bronze,8229,Male,5/12/1960 12:00:00 AM,108,False,False,True,
laura22@yahoo.com,909ed17d-626c-4500-8ee4-dca70fa6438e,James,Lowery,UK,8/23/2023 12:00:00 AM,Website,Cycling,Bronze,9169,Non-Binary,3/27/1988 12:00:00 AM,109,True,True,False,
snyderjonathan@gmail.com,bb74e3fa-ec64-43ff-ad18-34cafd1f62b0,Joseph,Smith,Brazil,4/15/2023 12:00:00 AM,Mobile App,Running,Gold,397,Male,7/15/1965 12:00:00 AM,110,False,False,False,
iwatkins@gmail.com,110c5e71-073b-4792-8ec9-020467f8d3bc,Gina,Brooks,France,3/20/2022 12:00:00 AM,Social Media,Basketball,Platinum,4731,Female,4/5/1974 12:00:00 AM,111,True,True,True,
brianmurphy@hotmail.com,a47a3245-fae5-47ac-8ef3-8052cd2c4069,Darius,White,Canada,8/24/2022 12:00:00 AM,Website,Soccer,Bronze,7986,Male,1/26/1970 12:00:00 AM,112,True,False,True,
sarah39@montoya.com,487297a9-b6e0-4e4d-b922-693c158f7f1f,John,Rivas,France,10/6/2021 12:00:00 AM,Social Media, ,Gold,8076,Female,11/25/2006 12:00:00 AM,113,True,True,False,
volson@williams-castro.net,85167a6b-7167-4a36-a29f-ea59622584dd,Michelle,Ellison,Brazil,4/4/2021 12:00:00 AM,Social Media,Cricket,Gold,7298,Non-Binary,8/30/2005 12:00:00 AM,114,True,True,False,
raymond59@gmail.com,b687ea30-2d8e-4a0e-94de-83ae2a5021c8,Thomas,Smith,South Africa,7/17/2021 12:00:00 AM,Referral,Running,Gold,3897,Female,7/13/1983 12:00:00 AM,115,True,True,False,
elizabethsutton@yahoo.com,9871d1bd-1aef-4742-b14c-5c485434ca71,Brian,Welch,South Africa,6/26/2020 12:00:00 AM,Mobile App,Golf,Gold,5723,Male,10/22/1973 12:00:00 AM,116,False,True,True,
brittanypowers@taylor.com,3e3aadc7-ccd7-4e32-9183-a41e9cfc84cd,Raymond,Schroeder,Canada,4/2/2024 12:00:00 AM,Social Media,Cricket,Platinum,3294,Female,12/3/1982 12:00:00 AM,117,False,False,False,
palmerdawn@franklin.org,68e37eaf-cbf9-4b0a-ad85-113819e6e64a,Courtney,Wilson,India,4/22/2020 12:00:00 AM,Social Media,Running,Silver,8367,Non-Binary,7/24/1963 12:00:00 AM,118,True,True,False,
hardincarla@yahoo.com,56dfa0f6-2efd-4b0c-9c8d-4024b231ffe0,Denise,Johnson,Germany,4/14/2022 12:00:00 AM,Social Media,Soccer,Platinum,9906,Female,4/28/1953 12:00:00 AM,119,False,False,False,
garciadaniel@hotmail.com,6478bdda-6c9c-4e04-b481-67fb933797a9,William,Tate,Germany,2/1/2022 12:00:00 AM,Social Media, ,Platinum,1282,Male,6/9/1957 12:00:00 AM,120,True,False,True,
gwatson@gmail.com,117383ac-fb09-4049-a2c7-bd4408ef6efe,Justin,Wilson,Germany,1/8/2025 12:00:00 AM,Referral,Running,Silver,2993,Non-Binary,10/31/2000 12:00:00 AM,121,False,True,True,
mortonheather@yahoo.com,1d8ffdec-3e1c-4e7a-a83f-e2e3efe71fb5,Peter,Turner,Germany,1/13/2023 12:00:00 AM,Mobile App,Soccer,Platinum,4323,Male,11/15/1996 12:00:00 AM,122,False,True,False,
william05@yahoo.com,af69855d-52cc-4b21-b992-47d23e16b6cf,Jillian,Berry,Germany,5/26/2023 12:00:00 AM, ,Baseball,Bronze,7892,Male,7/30/2004 12:00:00 AM,123,False,False,True,
marynewman@yahoo.com,430db29b-12e4-487e-8a3a-3faf3377819d,Brandon,Grant,Brazil,7/25/2023 12:00:00 AM,Website,Cricket,Silver,5077,Female,1/31/1967 12:00:00 AM,124,True,False,True,
pricescott@cantu.net,bfaef307-4c4d-4fbd-9e58-3fa339eee119,Jennifer,Walters,USA,11/18/2021 12:00:00 AM,Website,Soccer,Silver,1118,Female,1/13/2006 12:00:00 AM,125,False,True,True,
alec61@hotmail.com,91fc33ef-24a4-4f6d-9199-1d869e1f087b,Andrea,Goodwin,India,9/24/2024 12:00:00 AM,Referral,Soccer,Bronze,6867,Non-Binary,8/6/1997 12:00:00 AM,126,True,True,False,
smithbrent@casey-griffin.com,64361e74-b645-4e3b-96c3-73188fcaabd5,Amanda,Collins,Australia,10/17/2020 12:00:00 AM,Referral,Golf,Silver,2018,Male,9/20/1951 12:00:00 AM,127,True,False,False,
christopher87@elliott.net,a0a8d32f-b2b4-4e43-b3e1-1646f65a8088,Alexandra,Stephens,USA,4/17/2020 12:00:00 AM,Social Media,Baseball,Silver,9810,Female,6/6/1961 12:00:00 AM,128,True,True,False,
afrancis@jackson.biz,c1972a84-0ba5-467b-b908-2aeec6d7590c,Richard,Blankenship,Brazil,6/15/2022 12:00:00 AM,Social Media,Running,Silver,8584,Female,3/12/1984 12:00:00 AM,129,True,True,True,
holdertiffany@yahoo.com,f9156e19-2a5f-4d96-a29e-83fa18ad4cf2,Amy,Hess,Canada,7/24/2022 12:00:00 AM,Mobile App,Golf,Platinum,5259,Male,6/3/1966 12:00:00 AM,130,True,True,True,
cynthia87@yahoo.com,e07c5e09-d467-40c8-a963-80dd956efae4,Brett,Herman,Australia,11/14/2021 12:00:00 AM,Referral,Gymnastics,Bronze,7454,Male,10/6/1993 12:00:00 AM,131,False,True,False,
cervantesrobert@lowery.com,6449548d-6461-4871-9016-71d67029d88c,Evelyn,Smith,USA,9/5/2021 12:00:00 AM,In-Store,Baseball,Platinum,261,Non-Binary,3/25/1962 12:00:00 AM,132,False,True,False,
angelacochran@hotmail.com,3b236cc4-f480-4d1d-9daa-a607837310ed,Karen,Burns,Canada,11/22/2021 12:00:00 AM,Mobile App,Baseball,Platinum,241,Non-Binary,7/1/1993 12:00:00 AM,133,True,True,True,
smithalexandra@gutierrez.info,3902f74e-95d6-4bb8-b29e-b1c0875ce1e6,Alvin,Lee,South Africa,6/16/2022 12:00:00 AM,Mobile App,Baseball,Silver,1038,Male,9/30/2005 12:00:00 AM,134,True,False,False,
farleyvictoria@avila-david.com,8431c1b3-9dfd-4ac1-932b-e5c08455660d,Pamela,Leblanc,South Africa,11/22/2022 12:00:00 AM,Social Media,Cricket,Platinum,7029,Male,6/23/1948 12:00:00 AM,135,False,True,True,
jamesjordan@smith-chavez.com,55468985-a68b-4ac5-a67a-9d5d6f1ca23e,Ashley,Lang,USA,3/14/2024 12:00:00 AM,Referral,Basketball,Platinum,1058,Male,10/1/1949 12:00:00 AM,136,False,True,True,
thomassean@yahoo.com,f2bbb3c2-8672-4449-a2df-7a5fc10b6a03,Amy,Webb,Germany,8/3/2024 12:00:00 AM,In-Store,Swimming,Gold,6219,Non-Binary,3/22/1970 12:00:00 AM,137,False,True,False,
ronaldmoore@reynolds.com,884b7e20-d2eb-4bd1-a0b8-823cca7fa3d8,Miguel,Mcdaniel,Canada,3/9/2021 12:00:00 AM,Referral,Basketball,Platinum,6223,Non-Binary,1/6/2002 12:00:00 AM,138,True,False,True,
jaime03@lewis-wagner.com,56dda4ac-4888-4e92-b604-e82dac6837f0,Stacy,Lee,India,11/21/2024 12:00:00 AM,Mobile App,Swimming,Bronze,7606,Non-Binary,12/26/1977 12:00:00 AM,139,False,False,True,
shawn48@davenport-carr.com,f8d66249-8c66-4acf-b5d6-248fc06326f8,Jodi,Hill,Australia,11/7/2020 12:00:00 AM,Mobile App,Basketball,Platinum,1087,Non-Binary,6/8/1996 12:00:00 AM,140,True,False,False,
michael79@warren.com,7b40e0fe-cce3-449b-a487-153499e51854,Kelly,Nelson,South Africa,5/21/2022 12:00:00 AM,Social Media,Soccer,Platinum,8902,Non-Binary,9/26/1970 12:00:00 AM,141,True,True,False,
harriskatherine@pierce-smith.info,a499cd20-9608-4273-ba38-55aa2cdebe37,Elizabeth,Gaines,Canada,8/7/2022 12:00:00 AM,Website,Gymnastics,Platinum,3429,Male,12/22/2001 12:00:00 AM,142,False,False,False,
tammy20@robinson-ramos.com,e197e384-077f-45fb-a10a-b89656f789ac,Martin,Freeman,France,11/29/2023 12:00:00 AM,Social Media,Swimming,Platinum,5596,Female,8/30/1953 12:00:00 AM,143,False,True,False,
julian47@hotmail.com,b213f417-048d-42dc-9c1e-2292ea8aaa7c,Carmen,Foster,South Africa,9/3/2021 12:00:00 AM,Website,Tennis,Platinum,1693,Non-Binary,2/27/1965 12:00:00 AM,144,True,False,False,
reginakelly@hotmail.com,8538a98f-87b9-4f5e-bf5c-6aeace4ca105,Robert,Young,Australia,4/30/2022 12:00:00 AM,Website,Gymnastics,Gold,6885,Female,4/6/1945 12:00:00 AM,145,False,True,False,
stran@pierce-hall.info,7ef479eb-918e-4ec8-9bd1-bb50184d070f,Matthew,Moore,USA,9/13/2023 12:00:00 AM,In-Store,Cricket,Silver,4854,Non-Binary,8/1/1965 12:00:00 AM,146,True,True,True,
duartejoshua@stone.com,38620d3c-19c3-4469-9b79-fc74809eacf1,Lee,Fletcher,UK,6/30/2023 12:00:00 AM,Social Media,Baseball,Gold,7210,Non-Binary,7/14/1999 12:00:00 AM,147,True,True,False,
bryan65@yahoo.com,ad882747-fb30-4611-8bb5-788fb9b6c8e9,Paula,Jones,South Africa,11/5/2023 12:00:00 AM,Referral,Golf,Silver,8690,Female,11/29/1948 12:00:00 AM,148,True,True,True,
ohodge@yahoo.com,bc03b0fc-225f-4188-b93f-f1811d3de2b5,Donald,Hunt,France,2/23/2022 12:00:00 AM,Social Media,Gymnastics,Gold,6079,Male,3/1/1961 12:00:00 AM,149,False,False,True,
wayne80@yahoo.com,8c0dda98-6abc-4a09-b801-47ee6b576904,Shannon,Williams,South Africa,5/28/2021 12:00:00 AM,Website,Running,Silver,6763,Non-Binary,6/21/1998 12:00:00 AM,150,True,True,False,
uallen@yahoo.com,2c28577b-2b2a-472f-8f58-656f2960c69c,Kelsey,Harris,Germany,10/16/2023 12:00:00 AM,Referral,Running,Platinum,3142,Non-Binary,11/10/2002 12:00:00 AM,151,False,False,True,
drice@reid.info,00e54c93-d768-4ec2-ae7e-7816d63253c0,Sarah,Alvarez,France,5/16/2023 12:00:00 AM,Social Media,Tennis,Gold,3510,Female,7/15/1947 12:00:00 AM,152,False,False,False,
littlekristin@howell-johnson.net,a532e165-d242-419e-97e7-3b0ec5ca1a5f,Yolanda,Oconnell,Japan,7/27/2024 12:00:00 AM,Social Media,Swimming,Silver,5630,Female,12/13/1974 12:00:00 AM,153,False,True,False,
mgolden@cook.net,fd24fc0a-99d3-4f24-8988-c736b05f72de,Steven,Smith,France,2/10/2022 12:00:00 AM,In-Store,Cricket,Gold,9750,Female,5/20/2001 12:00:00 AM,154,False,True,False,
patelstacey@dawson-williams.com,536c8f2d-4049-4314-b9af-a2f1a319f416,Regina,Wood,Canada,4/29/2024 12:00:00 AM,In-Store,Running,Platinum,8316,Female,7/20/1945 12:00:00 AM,155,False,False,False,
emilyjohnson@watson.net,837c04f3-43f2-47a4-9392-6d58c4f54ceb,Luis,Roy,South Africa,6/14/2023 12:00:00 AM,Referral,Baseball,Bronze,7195,Male,8/20/1961 12:00:00 AM,156,False,False,True,
msmith@vazquez.com,10ec2571-5e98-47f1-a45a-cfd66a200cbb,Dawn,King,Germany,9/17/2020 12:00:00 AM,In-Store,Golf,Bronze,6437,Non-Binary,9/18/1989 12:00:00 AM,157,True,True,True,
jeremy97@hernandez-hughes.com,d72880eb-b452-4b79-803d-077599751e2a,Matthew,Warner,South Africa,7/24/2023 12:00:00 AM,Social Media,Golf,Silver,7092,Non-Binary,6/28/1951 12:00:00 AM,158,True,True,False,
vancewilliam@hotmail.com,cbdc02c1-0e62-4c56-b36d-d9ad53a7f97f,Karen,Ray,France,3/10/2022 12:00:00 AM,In-Store,Baseball,Gold,6294,Female,5/4/2005 12:00:00 AM,159,True,False,False,
timothy71@yahoo.com,9c6cde21-2a82-4ebe-ac11-2f4a3e5dd8a2,Aaron,Hansen,Germany,1/19/2025 12:00:00 AM,Social Media,Cycling,Silver,8107,Non-Binary,3/17/1994 12:00:00 AM,160,False,True,False,
xriley@baker.biz,50c8ddbe-d44a-458b-a04f-c5cc08f803e8,Angela,Harper,South Africa,11/18/2023 12:00:00 AM,Referral,Basketball,Platinum,7677,Male,12/12/1979 12:00:00 AM,161,True,True,False,
gregorycox@hernandez-allison.com,9a03d731-c901-479e-897e-bfee64f59d20,Deborah,Murillo,India,4/21/2023 12:00:00 AM,Referral,Soccer,Silver,9838,Male,6/11/1965 12:00:00 AM,162,False,True,False,
callen@evans.info,8f467fd5-1095-4535-8649-c22ce67e024f,Katie,Turner,Germany,4/20/2022 12:00:00 AM,Social Media,Cycling,Platinum,6214,Non-Binary,6/24/1973 12:00:00 AM,163,True,True,True,
griffinvalerie@ellis.com,9b60d218-506b-4dc9-ac19-475110537f70,Cheryl,Kaufman,India,9/4/2023 12:00:00 AM,In-Store,Cycling,Platinum,9958,Male,8/31/2004 12:00:00 AM,164,False,True,False,
harrispatrick@kelly.info,e34a0566-7dfa-4619-a817-69dd681bb629,Mark,Shaw,Japan,6/4/2024 12:00:00 AM,Website,Baseball,Platinum,2176,Female,9/10/1957 12:00:00 AM,165,True,True,False,
andrea84@hotmail.com,2122aaaa-0f0d-4375-9022-d487e51ddc1e,Sarah,Prince,Germany,8/2/2022 12:00:00 AM,Mobile App,Baseball,Gold,2570,Female,4/27/1982 12:00:00 AM,166,True,False,False,
ivaughan@yahoo.com,01d89fa5-9a7f-42d8-a6c5-653e3856d82b,Glen,Gutierrez,Japan,3/3/2022 12:00:00 AM,Referral,Gymnastics,Gold,4883,Male,11/4/1950 12:00:00 AM,167,True,True,False,
joshuasexton@pugh.com,bf503921-6caf-4105-b3c0-0b92ea16cf76,Timothy,Manning,Brazil,12/6/2023 12:00:00 AM,Referral,Cricket,Bronze,1237,Male,12/28/1986 12:00:00 AM,168,True,True,False,
snolan@roth.info,0c5511b4-80af-44d5-9f2c-658178ce2630,Jennifer,Thompson,South Africa,6/28/2024 12:00:00 AM,Website,Baseball,Bronze,2541,Female,12/26/1946 12:00:00 AM,169,True,True,True,
nathaniel90@gmail.com,fbc4229f-2729-48d0-bf48-bfcf10ee226d,Michael,Boyle,South Africa,7/31/2024 12:00:00 AM,In-Store,Cricket,Platinum,5144,Female,3/8/1949 12:00:00 AM,170,False,False,True,
gregoryrobert@henry.net,a3b7f2e5-5060-4050-ba78-b3e49d538725,Cole,Wilson,India,1/13/2021 12:00:00 AM,Referral,Running,Platinum,1630,Male,4/3/1966 12:00:00 AM,171,True,False,True,
hmiller@rocha.net,b699f4a4-c426-4a5c-8b94-086c42ba48f6,Jason,Scott,Germany,12/24/2023 12:00:00 AM,Website,Soccer,Platinum,235,Female,6/28/1947 12:00:00 AM,172,False,False,True,
mevans@vargas.com,428c35c4-f3bc-4500-b28b-6343979f9de0,Edward,Solomon,Japan,8/14/2021 12:00:00 AM,Mobile App,Running,Silver,309,Female,6/24/1998 12:00:00 AM,173,True,True,False,
qclements@brown-romero.com,00682f8f-dcac-40aa-bd12-761c223897aa,Craig,Ellis,Australia,4/27/2022 12:00:00 AM,Website,Soccer,Silver,1236,Male,10/10/1945 12:00:00 AM,174,False,False,True,
hwhite@gmail.com,a60150eb-5c93-4906-890b-96777ffa58c2,Barry,Ellis,South Africa,7/30/2022 12:00:00 AM,Mobile App,Gymnastics,Silver,4001,Female,3/3/1995 12:00:00 AM,175,False,True,False,
igarcia@krueger-torres.net,2d0f0103-c93c-4d24-9af5-385713fc639d,Paul,Rodriguez,France,12/7/2020 12:00:00 AM,Website,Basketball,Bronze,9069,Non-Binary,4/14/1976 12:00:00 AM,176,False,False,False,
andersonfrederick@thompson-johnson.com,c1f776cb-e9cc-4877-94c0-f7c818df5abf,Charles,Little,Japan,3/22/2022 12:00:00 AM,Mobile App,Cricket,Gold,8588,Non-Binary,12/31/1953 12:00:00 AM,177,False,True,False,
kimberlyjones@herrera-fuller.org,4c915228-b639-4de5-ac76-f72d41f377f1,Jonathan,Rowe,France,1/13/2021 12:00:00 AM,Website,Golf,Platinum,231,Female,9/12/1994 12:00:00 AM,178,False,True,True,
john16@miller-craig.com,32b50405-dad6-45f9-a361-420f0fcac489,Larry,Daniels,Brazil,11/9/2024 12:00:00 AM,Social Media,Baseball,Platinum,8026,Male,4/12/1995 12:00:00 AM,179,True,True,True,
perrysarah@yahoo.com,8c2b81ee-5db9-4818-9b08-37b8469ea0c7,Denise,Baker,UK,9/20/2021 12:00:00 AM,Website,Gymnastics,Silver,3853,Non-Binary,11/27/1956 12:00:00 AM,180,True,True,True,
singhdanny@hotmail.com,ac191178-07d7-4bc6-a9a2-f7b25f803402,Patrick,Brown,Japan,10/8/2022 12:00:00 AM,In-Store,Gymnastics,Gold,1271,Male,3/3/2000 12:00:00 AM,181,True,False,True,
jesse87@robinson.biz,500a27a4-f226-4a48-87f0-2858953c6fcb,Melissa,Thomas,India,6/15/2024 12:00:00 AM,Mobile App,Gymnastics,Platinum,8442,Female,8/6/1967 12:00:00 AM,182,False,True,False,
tallen@gmail.com,f5ebbaaa-6868-4918-b418-4b63b1c5bc28,Brenda,Ford,Japan,10/14/2023 12:00:00 AM,Mobile App,Cycling,Silver,5883,Male,8/9/1972 12:00:00 AM,183,True,False,True,
michelle40@yahoo.com,6d8b6856-f9a1-448b-ac43-5eb5a70d2c0f,Tamara,Griffin,Germany,8/18/2023 12:00:00 AM,Social Media,Cycling,Platinum,8204,Male,8/4/1956 12:00:00 AM,184,False,False,True,
angelaclark@yahoo.com,7990f7ba-4a28-43f3-a4a7-235e5af2d903,Haley,Dunn,India,8/15/2021 12:00:00 AM,Mobile App,Tennis,Silver,6804,Non-Binary,10/20/1993 12:00:00 AM,185,False,True,True,
wallacearthur@lewis.com,8d8a3a79-d920-47c8-8429-dc65d6ca83c2,Andrew,Taylor,USA,7/31/2024 12:00:00 AM,Referral,Gymnastics,Silver,676,Male,6/9/1948 12:00:00 AM,186,True,True,True,
vmartin@powers-ellis.net,3062b554-5c8c-40cf-9e34-7346af3e0c68,Jeremy,Dunn,UK,10/15/2021 12:00:00 AM,Mobile App,Cricket,Silver,6714,Non-Binary,7/19/1973 12:00:00 AM,187,True,False,True,
shelleybullock@yahoo.com,507449ae-7665-4517-a701-b1276d30668f,Wendy,Jackson,Japan,5/1/2021 12:00:00 AM,Mobile App,Cycling,Platinum,1863,Female,2/28/1980 12:00:00 AM,188,True,False,True,
brian38@gmail.com,54e66c8b-2a83-49b6-8ac5-690ee397b688,Zachary,Vargas,Australia,9/23/2020 12:00:00 AM,Mobile App,Baseball,Platinum,8205,Non-Binary,1/16/1950 12:00:00 AM,189,False,True,False,
brett24@hotmail.com,2cea921f-3c05-46ad-903f-6aaaf3e54290,Kathryn,Bowman,USA,3/18/2025 12:00:00 AM,Website, ,Gold,373,Male,2/25/1963 12:00:00 AM,190,True,True,True,
ptran@yahoo.com,98faf86f-4071-42a8-9f32-f38bf259e6db,Alicia,Washington,Brazil,5/31/2023 12:00:00 AM,Referral,Running,Bronze,5456,Female,1/18/1971 12:00:00 AM,191,True,False,True,
sherri06@jones-may.com,149d084f-f5e3-4971-92c3-9fda930d4bd7,Patrick,Pace,Brazil,2/28/2022 12:00:00 AM,In-Store,Baseball,Bronze,7476,Male,6/9/1977 12:00:00 AM,192,False,True,False,
wlucero@yahoo.com,f0e29969-069b-4a1d-9fca-9b0c6d131c1e,Thomas,Koch,Japan,3/29/2024 12:00:00 AM,In-Store,Cycling,Silver,791,Male,12/7/1969 12:00:00 AM,193,True,True,True,
evangarza@yahoo.com,93d14382-718c-43e5-b888-c388ffebffe9,Madison,Dorsey,Canada,2/3/2023 12:00:00 AM,Referral,Running,Gold,4262,Female,7/14/1944 12:00:00 AM,194,False,True,False,
sdodson@hotmail.com,17ce76f1-dd83-485e-99ea-a20d7b0c3848,William,Kennedy,India,6/7/2020 12:00:00 AM,Website,Soccer,Bronze,6803,Non-Binary,3/13/1977 12:00:00 AM,195,True,True,True,
cortezkatrina@moses.com,d261a385-a5c8-4cfc-968a-2f0f9b1b6e61,Victoria,Garcia,South Africa,11/6/2024 12:00:00 AM,Mobile App,Basketball,Silver,722,Female,10/23/1953 12:00:00 AM,196,True,True,True,
christina61@hotmail.com,c69a4963-1922-45fb-bf4a-b846adc3cf7a,Cynthia,Pittman,India,12/14/2022 12:00:00 AM,Referral,Golf,Bronze,6465,Male,9/17/1967 12:00:00 AM,197,True,True,True,
twade@odonnell-page.com,fab4820f-ed55-41e3-b2e4-73e6c562d711,Cynthia,Howard,South Africa,11/23/2020 12:00:00 AM,Social Media,Gymnastics,Platinum,9630,Female,2/8/1993 12:00:00 AM,198,False,False,False,
brian16@thompson.org,8e48f44a-3c4d-4e06-9ee1-bd8eafe8c554,Leah,Gonzales,UK,8/29/2024 12:00:00 AM,Website,Tennis,Platinum,5856,Male,1/26/1986 12:00:00 AM,199,False,True,False,
grayallison@gmail.com,dbb8f2c0-85e5-4bc3-ad49-e0cd865a3c89,Justin,Malone,France,2/13/2023 12:00:00 AM,Website,Cycling,Bronze,9400,Non-Binary,6/11/1973 12:00:00 AM,200,True,True,True,
ernest15@hotmail.com,5633311e-0f2a-4c10-93e9-544c15acc871,Nicholas,Anderson,Australia,8/11/2022 12:00:00 AM,In-Store,Swimming,Silver,3708,Female,10/21/2005 12:00:00 AM,201,False,True,True,
daughertyjorge@gmail.com,a0d6e1db-b273-48db-b971-4c022fe0d46b,Emily,Valdez,Germany,5/22/2024 12:00:00 AM,Website,Tennis,Platinum,8343,Male,2/26/1968 12:00:00 AM,202,False,False,False,
jennifersmall@gmail.com,a87485f6-dfc4-44ea-8702-d4d341cc6f15,Katie,Marshall,Germany,10/14/2023 12:00:00 AM,In-Store,Running,Platinum,3250,Female,5/24/1949 12:00:00 AM,203,True,False,False,
angela73@gmail.com,ae055d13-86a2-429c-8c82-c624af90070e,Derek,Whitney,Germany,6/7/2021 12:00:00 AM,Social Media,Gymnastics,Bronze,1942,Male,11/23/1956 12:00:00 AM,204,True,False,False,
bdorsey@pham-williams.com,5ed58ce7-0d01-4269-bcad-525932758224,Crystal,Robinson,France,12/16/2022 12:00:00 AM,Social Media,Tennis,Gold,777,Non-Binary,4/9/2006 12:00:00 AM,205,True,True,True,
tjones@campbell.com,86592518-cafd-4535-85e8-a843b6503780,Jade,Brown,UK,8/14/2021 12:00:00 AM,Social Media,Basketball,Bronze,4307,Female,11/28/1977 12:00:00 AM,206,True,False,True,
ryanjohn@rodriguez.com,0667b310-b2ac-49d6-b581-848fcfa9d552,Lori,Crosby,Germany,9/21/2022 12:00:00 AM,Mobile App,Golf,Silver,1023,Non-Binary,9/18/1994 12:00:00 AM,207,True,True,False,
michael27@brown.net,94fe7dae-089b-44c1-b3c2-adfb3ddd074a,Johnny,Sanchez,South Africa,12/26/2020 12:00:00 AM,Website,Soccer,Silver,2678,Male,11/17/1994 12:00:00 AM,208,True,False,True,
ybrown@gmail.com,d59cb79d-709d-46a9-b805-e8dfe1635682,Tammy,Snyder,India,2/15/2024 12:00:00 AM,Referral,Tennis,Gold,7498,Male,4/26/1971 12:00:00 AM,209,False,True,True,
benjamin28@doyle.com,6e52989e-6b5b-45fe-b61a-64bf715dc3f5,Cindy,Hall,USA,2/4/2025 12:00:00 AM,Website,Cycling,Silver,4146,Male,8/2/1976 12:00:00 AM,210,True,True,True,
stewartdouglas@jones-patrick.com,769b580f-1c00-43b4-8555-0e5e4fee8cf9,Crystal,Barajas,Canada,2/14/2021 12:00:00 AM,Mobile App,Running,Platinum,8586,Male,5/12/1953 12:00:00 AM,211,True,True,False,
edorsey@gmail.com,b34b567c-3786-4809-9862-5361f6b9ff5d,Jason,Ortiz,Japan,3/27/2021 12:00:00 AM,Social Media,Cycling,Bronze,6966,Non-Binary,9/24/1955 12:00:00 AM,212,True,True,False,
bgonzalez@adams.net,4f87c282-26a0-4404-99b4-0c19eb70d4e1,Roger,Olson,USA,11/26/2023 12:00:00 AM,In-Store,Gymnastics,Silver,9226,Non-Binary,3/5/1960 12:00:00 AM,213,False,False,True,
aprilanderson@powers.info,146f4b3c-91db-47d6-95c5-0539b1efcf8d,Andrew,Lee,India,7/11/2023 12:00:00 AM,Referral,Golf,Gold,2326,Male,4/1/1967 12:00:00 AM,214,False,True,False,
davidalexander@gmail.com,4c58c065-d8fc-44d2-a8ee-7637ca51ec45,Jeffrey,Rodriguez,USA,1/11/2021 12:00:00 AM,Mobile App,Soccer,Silver,8344,Non-Binary,11/5/1983 12:00:00 AM,215,True,False,False,
yrodriguez@hotmail.com,c74f6c22-fd9a-4a2f-9bf0-355373317e0f,Daniel,Schwartz,Japan,7/28/2023 12:00:00 AM,Website,Cycling,Silver,9748,Non-Binary,9/5/1987 12:00:00 AM,216,True,False,True,
rallen@williams.info,87ca78f0-e560-4fa3-a5d7-c3fba6c3a53c,Hannah,Franklin,South Africa,10/3/2021 12:00:00 AM,In-Store,Tennis,Silver,7373,Male,2/26/1947 12:00:00 AM,217,False,True,True,
walterblevins@gmail.com,6e832bd0-a464-4517-9afe-4747e6693ae1,Bonnie,Parker,India,5/9/2021 12:00:00 AM,Referral,Cycling,Silver,8474,Non-Binary,1/4/1960 12:00:00 AM,218,False,True,False,
ashley32@hotmail.com,a139ebc5-d536-444d-a50f-3faaf8a8c64b,Erika,Martinez,Canada,12/6/2024 12:00:00 AM,Referral,Baseball,Bronze,2418,Non-Binary,8/25/1994 12:00:00 AM,219,True,False,False,
johnsonjoseph@yahoo.com,2a6dde45-297e-40ba-a0eb-8594d5702325,Randall,Hubbard,France,9/19/2022 12:00:00 AM,Social Media,Golf,Gold,5136,Male,1/4/1995 12:00:00 AM,220,True,False,True,
agonzales@carrillo.org,460279ac-3914-49ce-8074-14503d812abf,Shannon,Davis,USA,10/20/2023 12:00:00 AM,Social Media,Gymnastics,Silver,4853,Female,3/5/1969 12:00:00 AM,221,True,True,False,
valerie79@hotmail.com,6cde1274-1f8a-4039-85a2-331c98a0f54e,Susan,Christian,UK,7/29/2024 12:00:00 AM,Referral,Basketball,Silver,3654,Non-Binary,12/25/1993 12:00:00 AM,222,True,True,False,
jacksonmichelle@lyons-morris.com,77956c7c-1b1b-4202-982d-7240cc71fa79,John,Mccormick,USA,6/19/2020 12:00:00 AM,Social Media,Tennis,Silver,6242,Male,11/20/1989 12:00:00 AM,223,True,False,False,
vanessa50@hotmail.com,4772da41-6206-42d0-8b4a-0a57e14c2a1f,Michael,Mejia,France,5/15/2022 12:00:00 AM,In-Store,Basketball,Platinum,6882,Male,6/26/1962 12:00:00 AM,224,False,True,False,
smiththomas@yahoo.com,1769be09-4e6f-4d26-a6da-8f6d00a0da94,Russell,Caldwell,India,10/12/2024 12:00:00 AM,In-Store,Basketball,Silver,9752,Female,6/23/1997 12:00:00 AM,225,False,True,False,
vwalker@gmail.com,42d2497b-7f6d-418c-bea7-5b7bcf591769,Andrea,Christensen,France,10/24/2023 12:00:00 AM,Website,Basketball,Platinum,8234,Male,2/26/1954 12:00:00 AM,226,False,True,True,
njohnson@fuentes-benitez.com,d981deed-d069-4556-90f6-b4d99855feb6,Sabrina,Cole,South Africa,7/2/2022 12:00:00 AM,Website,Soccer,Silver,4950,Non-Binary,11/1/1946 12:00:00 AM,227,True,True,True,
ericpatterson@hayden.info,f2c15e6c-d7fe-4e8a-9165-5283a2d4fae5,Steven,Morris,France,7/26/2023 12:00:00 AM,Social Media,Cycling,Silver,6553,Female,9/27/1961 12:00:00 AM,228,True,True,False,
cjohnson@gmail.com,7d3df7f5-9869-4b34-b1a1-6011021457c8,Janice,Fuller,India,4/19/2021 12:00:00 AM,Mobile App,Tennis,Bronze,7644,Male,5/18/1999 12:00:00 AM,229,True,True,False,
robert89@williams.com,56987eb1-cb40-4b17-a6ab-73b588bf750a,Andrew,Woods,Brazil,12/19/2023 12:00:00 AM,In-Store,Cricket,Platinum,4721,Non-Binary,8/8/2005 12:00:00 AM,230,False,False,True,
fhernandez@soto.info,f81378e3-74eb-421c-9c9b-5c794d49155e,Brandon,Quinn,Japan,4/18/2020 12:00:00 AM,Social Media,Golf,Bronze,6084,Male,10/15/1985 12:00:00 AM,231,True,True,False,
faulknerlindsay@yahoo.com,37202d13-0b21-4202-b59c-c97cc956d6a0,Nicholas,Stephens,UK,12/20/2023 12:00:00 AM,Website,Cricket,Silver,306,Male,12/6/1979 12:00:00 AM,232,True,True,True,
joshua23@yahoo.com,c38a9c97-f215-4e6f-9789-42fb5ebc3160,Tyler,Baker,USA,11/9/2020 12:00:00 AM,Social Media,Basketball,Silver,9079,Female,11/23/2004 12:00:00 AM,233,False,True,False,
russell23@pierce-joseph.com,1b70c2b7-69c8-4e22-b8a8-2260f456fac5,Thomas,Alvarado,India,10/11/2022 12:00:00 AM,Website,Basketball,Bronze,7690,Male,1/25/1991 12:00:00 AM,234,False,False,False,
timothyfernandez@wilson.biz,20e07388-73a4-4de1-b353-d2d1afc30734,Christopher,Gallegos,Germany,4/23/2024 12:00:00 AM,Website,Basketball,Gold,9065,Non-Binary,10/18/1952 12:00:00 AM,235,True,False,True,
cynthiawheeler@flores.com,e2b3b3b9-1258-4481-87ba-7d4c7f746ce1,Jonathan,Coleman,Brazil,6/6/2024 12:00:00 AM,Social Media,Tennis,Gold,6893,Non-Binary,4/8/1965 12:00:00 AM,236,False,False,False,
sanderswilliam@dominguez-miller.net,c0f3f75b-a203-4f65-a13b-fa22ab037fb7,Melissa,Carey,France,8/4/2021 12:00:00 AM,Website,Cricket,Platinum,7692,Non-Binary,10/8/1980 12:00:00 AM,237,True,True,False,
weavermichelle@aguirre.com,7d78b017-5622-4be6-8f95-cb6a32373df6,Kevin,Ramos,South Africa,1/30/2022 12:00:00 AM,Referral,Golf,Gold,7155,Non-Binary,3/12/1998 12:00:00 AM,238,True,False,True,
jeffrey48@gmail.com,8ce48db0-499e-4ae1-84a8-b548fe117f06,Jennifer,Thomas,Japan,1/28/2024 12:00:00 AM,Social Media,Soccer,Platinum,2693,Non-Binary,8/6/1971 12:00:00 AM,239,True,True,False,
kingfaith@martinez-campbell.com,de98a56b-3e97-424c-8ce9-79eea50a1446,Julian,Kelly,Japan,1/4/2024 12:00:00 AM,Mobile App,Golf,Bronze,4339,Male,11/15/1963 12:00:00 AM,240,False,False,False,
qjordan@hotmail.com,5a396425-c856-41cd-91d7-a8c50af7adf1,Heather,Howard,USA,2/13/2025 12:00:00 AM,Social Media,Soccer,Bronze,9604,Female,5/5/1995 12:00:00 AM,241,False,True,False,
anthonylloyd@miller-green.net,db6e5532-ca24-4b58-b488-5c6a0921d547,Amanda,Flores,Japan,4/12/2024 12:00:00 AM,Referral,Golf,Gold,2825,Female,11/11/1980 12:00:00 AM,242,False,True,True,
garciavictoria@hotmail.com,4c8b0cd2-d926-41f5-ab6e-6dff62e2267b,Dennis,Franklin,Germany,3/15/2025 12:00:00 AM,Mobile App,Golf,Silver,2258,Male,9/5/1968 12:00:00 AM,243,True,True,True,
syu@gmail.com,9e432e52-d9b0-4f94-b12c-46a91f35ee87,Natalie,Robinson,Brazil,4/24/2020 12:00:00 AM,Website,Baseball,Silver,7971,Male,6/17/1946 12:00:00 AM,244,True,True,True,
vnorman@hall.org,e4ff9ede-b7b1-4162-b072-8a7227694ea9,Benjamin,Hansen,South Africa,3/24/2021 12:00:00 AM,Website,Cricket,Gold,6540,Female,1/26/1979 12:00:00 AM,245,False,False,False,
sarahjones@hotmail.com,e7f987c7-3a5e-4d38-a3ec-4fdb03b45f76,Larry,Rivera,Canada,2/21/2025 12:00:00 AM,In-Store,Cricket,Gold,4625,Female,7/8/1956 12:00:00 AM,246,True,True,True,
suttonjustin@robinson.info,ceba852a-cb34-49b0-ba28-9387df60900b,Donna,Smith,UK,5/18/2024 12:00:00 AM,Referral,Running,Silver,2226,Non-Binary,2/18/1973 12:00:00 AM,247,False,False,True,
michael20@kramer.com,7114afe3-4785-422b-8db8-796278225828,Dana,Mccullough,USA,5/25/2023 12:00:00 AM,Website,Cricket,Platinum,6377,Male,4/8/1997 12:00:00 AM,248,False,False,True,
paulvanessa@hotmail.com,0439575b-b6ee-416a-875e-032008c4e5ba,Kelli,Clark,South Africa,2/8/2022 12:00:00 AM,Website,Soccer,Bronze,400,Non-Binary,4/21/1950 12:00:00 AM,249,False,True,True,
craig87@yahoo.com,0ce64996-c318-4cd8-b347-b5cd93e6379d,Morgan,Evans,Brazil,1/21/2023 12:00:00 AM,Social Media,Golf,Platinum,1202,Male,12/22/1966 12:00:00 AM,250,False,True,False,
johnsonjoshua@hotmail.com,a9bc0182-3d0f-4760-9e32-9690bbd00603,Stephanie,Hogan,Japan,11/7/2021 12:00:00 AM,Social Media,Gymnastics,Platinum,1469,Male,12/1/1951 12:00:00 AM,251,False,False,True,
tsmith@gmail.com,5283b049-ac33-438b-8d38-1a7163d3250d,Kristine,Franco,Brazil,8/10/2021 12:00:00 AM,Website,Cricket,Platinum,797,Female,10/31/1951 12:00:00 AM,252,True,False,True,
david30@hotmail.com,c0a52ac1-9ae9-40aa-a3e1-8370e50bbd7a,Carol,Berger,India,11/14/2023 12:00:00 AM,Mobile App,Basketball,Gold,403,Female,1/3/1982 12:00:00 AM,253,False,True,False,
tammy28@gmail.com,6ca5e79c-0e89-421b-97d2-63bcfeade14f,Thomas,Haley,USA,6/16/2022 12:00:00 AM,In-Store,Swimming,Silver,7850,Male,2/5/1963 12:00:00 AM,254,True,True,False,
kurtwest@yahoo.com,abc20f31-be0a-4ff9-8e3f-e2ad453b9681,Victoria,Williams,Australia,5/15/2020 12:00:00 AM,Social Media,Golf,Platinum,3393,Male,7/6/1985 12:00:00 AM,255,False,False,True,
jacksonchristopher@gmail.com,f86b5f3d-7b24-4dd2-97e1-c8aa5fd7bf18,Jennifer,Jackson,Germany,7/8/2021 12:00:00 AM,Mobile App,Soccer,Platinum,8253,Male,10/16/1946 12:00:00 AM,256,False,True,True,
glopez@hotmail.com,74250321-0930-4ffe-b46f-921c9c75817d,Stephen,Cuevas,USA,4/3/2020 12:00:00 AM,Referral,Basketball,Silver,9348,Female,12/13/1994 12:00:00 AM,257,False,True,True,
coreytorres@leon-hayes.biz,586dc747-4a22-4076-ad9c-2dc5e69c835e,Michael,Richards,South Africa,5/28/2021 12:00:00 AM,Referral,Basketball,Gold,7180,Female,1/30/1972 12:00:00 AM,258,True,True,True,
rogersrobert@bullock.com,b22e83ab-2c46-4117-923b-b1880887517f,Samantha,Stein,UK,5/2/2023 12:00:00 AM,Referral, ,Gold,6526,Non-Binary,11/8/1987 12:00:00 AM,259,True,True,False,
udennis@bennett.biz,f1fbd952-2d79-485b-8337-8e71f56d9683,Bradley,Ross,UK,12/30/2022 12:00:00 AM,Referral,Baseball,Gold,6475,Non-Binary,3/15/1994 12:00:00 AM,260,False,True,True,
jacksonryan@waller-goodwin.info,410ba612-d2bb-46a7-adfd-ae13abf6ff27,Mary,Dyer,Japan,4/17/2020 12:00:00 AM,Social Media,Tennis,Silver,1115,Female,8/25/1976 12:00:00 AM,261,True,True,True,
joshuagriffin@mcdonald-rhodes.org,9dc94328-18e5-4d55-9d71-5bb1873f6db4,Matthew,Allen,Germany,10/4/2022 12:00:00 AM,Social Media,Cricket,Gold,6964,Non-Binary,12/14/1961 12:00:00 AM,262,True,False,True,
rodriguezvirginia@hamilton.com,59ce37bc-f85d-4df6-8707-ea5a44256485,Jessica,Wells,France,11/2/2021 12:00:00 AM,In-Store,Basketball,Platinum,9781,Male,5/25/1983 12:00:00 AM,263,True,True,True,
qthomas@wilkins.biz,ea7b177f-45b2-4a54-abb2-e196c3904f26,James,Harding,France,12/27/2023 12:00:00 AM,Referral,Cycling,Silver,6364,Non-Binary,12/3/1996 12:00:00 AM,264,True,True,False,
bjohnson@velasquez.org,75a003ad-e873-4754-9a22-9755a7c76b07,Adam,Conley,Canada,7/10/2024 12:00:00 AM,Mobile App,Soccer,Silver,6047,Non-Binary,3/31/1999 12:00:00 AM,265,True,True,False,
fchavez@hotmail.com,7610db54-10ad-491c-a76a-c2fcf2b06120,Sharon,Watson,Brazil,9/22/2020 12:00:00 AM,In-Store,Basketball,Gold,9064,Female,10/29/1985 12:00:00 AM,266,False,False,False,
tiffanyclark@yahoo.com,d6baa224-26ad-439e-95a8-e72344426515,Rebekah,Lopez,France,4/28/2023 12:00:00 AM,Social Media,Basketball,Bronze,7174,Male,1/10/1972 12:00:00 AM,267,True,False,False,
erica16@gmail.com,ad9370c0-a8df-40fa-aa5c-201c1b4df5bf,Daniel,Thomas,UK,8/27/2022 12:00:00 AM,Social Media,Cycling,Platinum,2688,Male,6/2/2001 12:00:00 AM,268,True,False,False,
carrillostephanie@andrews-chapman.com,9ae463c0-7eb1-4145-97eb-f69f66534548,Todd,Mitchell,UK,3/24/2021 12:00:00 AM,Referral,Tennis,Platinum,7220,Non-Binary,7/1/1985 12:00:00 AM,269,False,True,False,
westes@anderson-lyons.biz,0db06920-18fa-4ed1-952e-4a3bf06a15ff,Travis,Garcia,Japan,8/30/2020 12:00:00 AM,Social Media,Golf,Silver,3374,Male,6/2/1952 12:00:00 AM,270,False,False,False,
millerdavid@gmail.com,df77f7e2-8929-4173-8bc7-88ac0d8a879b,Christine,Jordan,Germany,7/17/2023 12:00:00 AM,Website, ,Bronze,9950,Non-Binary,5/11/1969 12:00:00 AM,271,False,True,True,
aguilarandrea@yahoo.com,42d6af09-cde8-4dfe-92e5-73b1f953d51a,Patricia,Arroyo,Germany,11/12/2023 12:00:00 AM,Referral,Cycling,Gold,4822,Non-Binary,12/27/1991 12:00:00 AM,272,True,False,False,
simpsoncheryl@hotmail.com,de86cb4f-a76d-4239-813a-ba0478b5d71c,Thomas,Lewis,France,12/3/2020 12:00:00 AM,Referral,Cycling,Bronze,965,Male,6/16/1965 12:00:00 AM,273,False,True,False,
llopez@hotmail.com,bd29b3e8-4a18-4cf2-b005-9452a5c741a2,Ryan,Perez,France,7/28/2022 12:00:00 AM,Mobile App,Cycling,Platinum,9958,Male,6/7/2002 12:00:00 AM,274,True,True,True,
kayla96@hotmail.com,7c4b7923-4019-49cb-9f23-d3e6c06bf9ea,Amanda,Hart,Brazil,12/5/2020 12:00:00 AM,Website,Tennis,Silver,6292,Non-Binary,8/18/1974 12:00:00 AM,275,True,True,False,
judith39@gmail.com,8175a67f-f440-4858-8309-a4ecbd8b6a80,Anthony,Torres,Brazil,1/23/2025 12:00:00 AM,Social Media,Baseball,Platinum,4397,Non-Binary,12/26/2004 12:00:00 AM,276,True,True,True,
scottcraig@hotmail.com,e6b6ae9e-ad9e-419f-8fb1-154237d56ec3,Melanie,Phillips,Brazil,5/23/2020 12:00:00 AM,In-Store,Gymnastics,Bronze,4316,Male,8/12/1985 12:00:00 AM,277,True,False,True,
cmartinez@sullivan.com,4cdc6c50-75e4-4691-a970-62f84f214d7a,Thomas,Thomas,USA,3/3/2024 12:00:00 AM,Referral,Cricket,Platinum,4203,Female,12/5/1944 12:00:00 AM,278,True,True,True,
lanescott@hotmail.com,2fe26277-55fc-4961-99f9-9970d26f65e5,Shirley,Adams,Japan,4/27/2021 12:00:00 AM,Website,Cycling,Bronze,5389,Male,9/2/1974 12:00:00 AM,279,False,False,True,
matthewmoreno@robinson.net,9aa80624-9bbd-42b7-9113-6993d5f1be8c,Todd,Brown,USA,7/24/2023 12:00:00 AM,Website,Running,Platinum,4570,Non-Binary,7/21/1979 12:00:00 AM,280,True,False,False,
ffloyd@yahoo.com,133688e7-9adb-4cd3-914d-80302a30bf24,Melanie,Stephens,Australia,12/31/2022 12:00:00 AM,Website,Soccer,Bronze,2890,Male,6/8/1944 12:00:00 AM,281,False,True,False,
brooke69@yahoo.com,22593a24-737f-4118-a399-0eb43c74fa56,Jeanne,Pena,Brazil,12/25/2022 12:00:00 AM,Mobile App,Gymnastics,Silver,5420,Non-Binary,2/6/1948 12:00:00 AM,282,True,True,True,
jennalopez@rodriguez.net,d7ea01a8-e91a-460b-8ef5-3280bdb8c419,Zachary,Thomas,Germany,5/4/2020 12:00:00 AM,Mobile App,Cycling,Platinum,3333,Non-Binary,5/20/1988 12:00:00 AM,283,False,False,False,
ashlee09@yahoo.com,8b8156d2-db6a-4694-a582-313a5a700b15,Jeffrey,Armstrong,Brazil,3/26/2020 12:00:00 AM,In-Store,Baseball,Platinum,8786,Non-Binary,11/1/2003 12:00:00 AM,284,False,False,True,
jennifer60@gmail.com,f5824816-8eb0-4948-b30c-9e7d25ed5c87,Heather,Oconnell,Canada,3/1/2023 12:00:00 AM,Mobile App,Basketball,Bronze,8224,Male,10/25/2006 12:00:00 AM,285,True,True,False,
gsalas@yahoo.com,d4cd3208-a1cb-4d54-972e-087e2962b3ca,Brian,Brennan,France,3/24/2021 12:00:00 AM,Website,Cycling,Gold,6685,Male,3/28/1985 12:00:00 AM,286,False,True,False,
jonesjuan@hotmail.com,7189526b-1ab5-43ab-8540-017fb82825df,Nicole,Harvey,UK,11/12/2021 12:00:00 AM,Social Media,Gymnastics,Gold,7401,Female,4/29/1969 12:00:00 AM,287,False,False,True,
dmiranda@hotmail.com,aa1c2451-ee46-478b-b2fc-942dcb2fd8f1,James,Anderson,Canada,2/9/2022 12:00:00 AM,Mobile App,Golf,Gold,1473,Male,10/14/1992 12:00:00 AM,288,False,True,False,
olsentodd@gmail.com,99ef1225-fbd4-4cd0-b8f5-57c4b593f270,Veronica,Walls,UK,9/20/2021 12:00:00 AM,Referral,Swimming,Bronze,7379,Non-Binary,3/19/1977 12:00:00 AM,289,False,True,False,
dbrown@singleton.com,92351817-6119-4c59-abe7-efd14e05770d,Judy,Walker,UK,6/19/2022 12:00:00 AM,Website,Cycling,Silver,8508,Male,2/28/1946 12:00:00 AM,290,False,True,False,
andrew34@gmail.com,78a6eb24-31a5-43c7-bd68-ca50115bd7f8,Mary,Thompson,Germany,12/2/2021 12:00:00 AM,In-Store,Basketball,Platinum,2517,Non-Binary,10/23/1954 12:00:00 AM,291,True,True,True,
ubenson@miller.com,2a42549b-b4fc-4da5-b0fa-edd2732d25a6,Ashley,Delgado,UK,8/19/2023 12:00:00 AM,Website,Gymnastics,Silver,1129,Non-Binary,9/7/1963 12:00:00 AM,292,False,True,False,
cruzamber@hotmail.com,ed43f537-c8fb-4605-9a14-5826eed8f135,Leonard,Cannon,Australia,9/8/2023 12:00:00 AM,Referral,Tennis,Gold,9865,Female,2/20/1989 12:00:00 AM,293,False,True,True,
gbrandt@russell.com,ebd25cb0-83a9-4e00-ab4f-afe0dfe2e509,James,Howell,UK,4/29/2024 12:00:00 AM,Mobile App,Basketball,Gold,9086,Male,5/23/1963 12:00:00 AM,294,False,False,True,
gonzalezsarah@mejia-guzman.com,6bf8b879-61a3-40b7-a640-571d7089b1fb,Edward,Sanchez,France,10/28/2024 12:00:00 AM,Social Media,Tennis,Platinum,6506,Male,5/6/1950 12:00:00 AM,295,True,True,False,
qcarter@cummings-bowman.com,9357fd81-0692-45d6-ac5e-e1bad7f889a8,Sergio,Riley,USA,11/25/2021 12:00:00 AM,Referral,Running,Bronze,6487,Non-Binary,6/17/1980 12:00:00 AM,296,True,True,False,
prestonsmith@jones.com,22311db7-b84a-463f-921e-78f0bce572bc,Lauren,Mckinney,Australia,4/5/2021 12:00:00 AM,In-Store,Baseball,Platinum,8468,Female,7/14/1980 12:00:00 AM,297,True,True,True,
melissamoreno@hotmail.com,868ccdfc-9623-48d0-bb32-3646c1e1225f,Brandon,Perry,Japan,5/14/2024 12:00:00 AM,Website,Tennis,Gold,3240,Non-Binary,3/12/2004 12:00:00 AM,298,True,False,True,
harrisontina@gmail.com,9125b162-9179-4db7-bd42-238461631c13,Cody,Massey,South Africa,6/15/2020 12:00:00 AM,Website,Basketball,Bronze,1178,Non-Binary,8/4/1968 12:00:00 AM,299,False,False,True,
berryhaley@gmail.com,a84a3560-cdbe-4dab-a0ed-f42c30199634,Melissa,Cochran,Canada,8/28/2024 12:00:00 AM,Referral,Gymnastics,Gold,1428,Non-Binary,4/15/1991 12:00:00 AM,300,True,False,False,
pwade@moses.info,ae979aeb-e83a-4ebe-804a-1ee92b18845c,Daniel,Trujillo,Brazil,2/12/2021 12:00:00 AM,Social Media,Running,Bronze,152,Female,12/15/1982 12:00:00 AM,301,False,True,True,
ryan26@powell-schaefer.com,09ad84bc-f51d-40c8-b5a8-3b5c6909a0ee,Emma,Cummings,Canada,7/24/2021 12:00:00 AM,Referral,Basketball,Silver,4901,Male,1/27/1970 12:00:00 AM,302,True,False,True,
bryantbarbara@charles.net,1c7f4b74-cc2c-4cbb-97b8-fb90071b1cfc,Jessica,Salinas,Japan,12/2/2024 12:00:00 AM,In-Store,Swimming,Bronze,2692,Non-Binary,2/7/1949 12:00:00 AM,303,True,True,False,
irobinson@hotmail.com,507f09a1-8ae9-438c-93bb-54fab40adb4e,Brett,Mccarty,Japan,10/9/2022 12:00:00 AM,Website,Gymnastics,Gold,6314,Male,7/27/1991 12:00:00 AM,304,True,False,False,
taylor59@yahoo.com,2baeadde-6801-4705-a835-39b72c805d7e,Matthew,Howell,USA,1/22/2025 12:00:00 AM,In-Store,Baseball,Silver,5930,Non-Binary,9/12/1950 12:00:00 AM,305,True,True,False,
tylerdiaz@taylor-sanchez.com,f2e50cec-979f-46db-aed2-341f6b0878c5,Monica,Davila,Canada,12/17/2020 12:00:00 AM,Mobile App,Tennis,Silver,7859,Female,9/27/1970 12:00:00 AM,306,False,True,True,
grossgeorge@hotmail.com,dd8a86c6-da8b-498e-b1f7-900b14d1043d,Fred,Coleman,Japan,6/23/2020 12:00:00 AM,Referral,Basketball,Platinum,9034,Male,12/6/2000 12:00:00 AM,307,True,True,True,
brianhoward@gmail.com,eb008a2b-450e-4a08-895c-c3fff999249e,Joel,Walker,France,1/8/2022 12:00:00 AM,Social Media,Gymnastics,Gold,6026,Non-Binary,11/9/1965 12:00:00 AM,308,False,True,False,
reginaweiss@evans.com,ef268680-b498-414a-ab63-bdcf481c7f86,Andrea,Lee,UK,12/7/2023 12:00:00 AM,Mobile App,Running,Bronze,8854,Male,11/7/1957 12:00:00 AM,309,False,False,False,
carolsanchez@watson.com,816480c8-98ab-405f-b6d4-73efd170e130,Andrew,Thomas,South Africa,8/26/2020 12:00:00 AM,Mobile App,Cycling,Silver,3815,Non-Binary,5/15/1996 12:00:00 AM,310,True,True,True,
maria73@moon.com,4163ced1-b8f3-4be7-8d5a-20a664960218,Robert,Summers,India,6/14/2022 12:00:00 AM,Social Media,Swimming,Silver,1584,Male,3/21/1959 12:00:00 AM,311,False,False,False,
kathythompson@david.biz,5ae5bffc-9be0-4346-8f34-add4522dbcb4,Cynthia,Robbins,UK,1/1/2024 12:00:00 AM,Mobile App,Tennis,Silver,6369,Female,8/21/1969 12:00:00 AM,312,False,False,False,
tinasexton@holden-obrien.biz,23355e17-bea3-451b-9f5e-fa1044be58af,Richard,Jarvis,UK,11/22/2024 12:00:00 AM,Social Media,Cricket,Silver,5186,Male,12/29/1988 12:00:00 AM,313,False,True,True,
lori20@yahoo.com,91b40f9a-ff54-453c-9a18-15550b6ad5c1,Courtney,Santana,South Africa,2/17/2025 12:00:00 AM,Mobile App,Basketball,Silver,7223,Female,2/22/1970 12:00:00 AM,314,False,True,True,
robinsonmartha@armstrong.com,6120aa87-ea14-43eb-9843-6ad8e20a3024,Carl,Howe,Australia,12/25/2023 12:00:00 AM,Social Media,Cycling,Silver,6552,Non-Binary,5/24/1989 12:00:00 AM,315,False,False,False,
wallvicki@hotmail.com,cbb5edbd-603c-496a-8751-d7909b78dbfb,Gabriel,Patterson,Japan,8/24/2022 12:00:00 AM,Social Media,Gymnastics,Silver,7099,Male,2/10/2003 12:00:00 AM,316,False,False,False,
jilltorres@gonzalez-thomas.com,14f7c41e-cd44-49d4-a8a6-14ded40a7ac9,Steven,Schneider,South Africa,4/4/2022 12:00:00 AM,Mobile App,Swimming,Platinum,1330,Non-Binary,6/9/2003 12:00:00 AM,317,True,True,True,
david84@moses.com,463f2635-ecde-4631-9e2b-078822fd7b43,Daisy,Bruce,Canada,11/5/2020 12:00:00 AM,Website,Swimming,Silver,5570,Male,8/31/2003 12:00:00 AM,318,True,True,True,
monicalewis@gmail.com,062d24f6-a239-4331-951f-d4b4ae19caaf,Michael,Espinoza,France,2/16/2024 12:00:00 AM,Website,Gymnastics,Gold,1366,Non-Binary,1/9/1980 12:00:00 AM,319,True,False,True,
timothy74@gmail.com,88bd7910-c358-4787-a0ff-e7d75729401b,Phillip,Johnson,Japan,11/28/2021 12:00:00 AM,Referral,Golf,Platinum,8985,Non-Binary,2/23/1988 12:00:00 AM,320,False,True,True,
garciamichael@yahoo.com,75cc4134-a51a-4ee0-a835-1f88226f56f6,James,Vaughn,Brazil,3/11/2021 12:00:00 AM,Website,Golf,Gold,467,Male,4/25/1956 12:00:00 AM,321,False,True,False,
josephwebster@yahoo.com,2e50ea35-9a89-42a6-b8ba-998c50ca3c57,Chelsea,Smith,Brazil,4/28/2021 12:00:00 AM,Social Media,Baseball,Bronze,6479,Male,10/30/1955 12:00:00 AM,322,False,True,True,
ecoleman@delgado.net,904716a8-e6ae-4f40-9a76-0facad3ea8a0,Matthew,Maxwell,South Africa,12/8/2024 12:00:00 AM,Social Media,Gymnastics,Bronze,229,Male,2/23/1989 12:00:00 AM,323,True,True,False,
jcharles@diaz.com,bf030d23-e26e-47ec-a900-42f2cd88c3ee,Marcus,Armstrong,India,9/7/2020 12:00:00 AM,Website,Baseball,Gold,1670,Female,8/22/1985 12:00:00 AM,324,True,True,True,
boltoncorey@floyd-fitzgerald.com,88cb54fe-e30c-4400-b608-8f9e1c18db90,Melissa,Mosley,UK,9/20/2023 12:00:00 AM,Referral,Baseball,Silver,6504,Female,5/6/1950 12:00:00 AM,325,False,True,True,
ghoover@olson-wells.com,e6e99b3e-f9b0-4707-9f4d-dcd204fa1fc1,Jasmine,Jacobson,Canada,11/15/2020 12:00:00 AM,Referral,Basketball,Silver,8660,Non-Binary,10/22/1975 12:00:00 AM,326,False,False,False,
drew09@hotmail.com,48d3915c-e086-4c2d-a429-fafa99e2d7f0,Laurie,Flores,France,2/18/2025 12:00:00 AM,Website,Soccer,Silver,5213,Non-Binary,3/13/1974 12:00:00 AM,327,False,True,True,
jjenkins@gmail.com,6892014d-9a15-468d-a9d9-11e3a956b272,Howard,Smith,USA,12/26/2020 12:00:00 AM,Referral,Cycling,Bronze,6609,Non-Binary,2/14/1976 12:00:00 AM,328,False,True,False,
abbottsydney@taylor.com,22939cb5-355d-4440-ac02-7310451b4ea5,Richard,Morales,India,5/9/2024 12:00:00 AM,In-Store,Baseball,Gold,9001,Female,12/26/2000 12:00:00 AM,329,True,True,False,
jenniferhood@hotmail.com,fa402cff-ea59-471b-af94-2b919cd88c47,Bobby,Johnson,Brazil,11/23/2021 12:00:00 AM,Social Media,Golf,Silver,2960,Female,1/2/1990 12:00:00 AM,330,False,False,True,
stevensalec@tran-anderson.com,cb14f616-4019-4480-b262-708d5052c6b8,Tracey,Lester,Brazil,6/29/2021 12:00:00 AM,Mobile App,Soccer,Gold,7732,Male,1/30/1957 12:00:00 AM,331,True,False,False,
amberwilliamson@gmail.com,dd0c2d1d-dd6f-44fc-affb-5953aea2fd8c,Jenny,Martinez,Germany,10/21/2023 12:00:00 AM,In-Store,Running,Silver,9562,Non-Binary,11/15/1986 12:00:00 AM,332,True,False,True,
josephmaldonado@sheppard-long.biz,f3076b7f-5d0b-4e72-b516-ad6e12b50dd4,Scott,Mccoy,South Africa,12/14/2020 12:00:00 AM,Social Media,Soccer,Gold,1769,Non-Binary,10/7/1996 12:00:00 AM,333,False,True,False,
thomasjessica@yahoo.com,e1e7ec4e-f6c2-4529-882e-5fe135a18842,Randall,Carr,Canada,5/23/2023 12:00:00 AM,In-Store, ,Silver,8427,Female,2/6/1992 12:00:00 AM,334,False,False,True,
scottsteven@brock-johnson.com,147c7bc2-b226-45a0-9153-182b0a90e707,Matthew,Sanchez,Australia,5/11/2022 12:00:00 AM,Social Media,Basketball,Platinum,4715,Female,11/30/1952 12:00:00 AM,335,False,True,False,
kathy12@dixon-cox.info,2a3a65dd-cb20-404c-80bf-2b6d05dab44d,Laura,Thomas,Australia,6/22/2020 12:00:00 AM,Social Media,Baseball,Gold,9797,Female,5/24/1996 12:00:00 AM,336,True,False,True,
joel28@lara-johnson.com,0f58e3b1-a1b2-41c8-a379-55c1fb322ceb,Megan,Green,France,2/3/2024 12:00:00 AM,Mobile App,Cycling,Bronze,8184,Non-Binary,9/25/1986 12:00:00 AM,337,False,True,True,
zcampbell@gmail.com,b2e985b3-0b4e-4fc7-bc62-693e54328ed7,John,Ramirez,UK,12/22/2022 12:00:00 AM,In-Store,Running,Bronze,677,Non-Binary,1/14/1999 12:00:00 AM,338,False,True,True,
williammontoya@hotmail.com,49818b6c-3e4c-425a-a55f-a162ddf7c71e,Lisa,Jordan,India,7/14/2023 12:00:00 AM,In-Store,Tennis,Silver,8748,Female,9/26/1955 12:00:00 AM,339,True,True,True,
mwalters@hotmail.com,0d9e29f5-873f-4a3e-8fb6-e0b05bd7e982,Samantha,Murphy,UK,11/30/2021 12:00:00 AM,Website,Cycling,Silver,2724,Male,4/29/1976 12:00:00 AM,340,False,True,False,
eric01@hotmail.com,4747c0b4-3897-4e30-974f-e0835d71637b,Brian,Gomez,Australia,2/11/2021 12:00:00 AM,Referral,Baseball,Bronze,3529,Female,5/1/1987 12:00:00 AM,341,False,False,True,
smitchell@freeman.com,1d35c395-0973-4cdf-b392-6f3785d58c87,Kayla,Rodriguez,Japan,3/9/2022 12:00:00 AM,Website,Golf,Gold,7333,Non-Binary,9/17/1967 12:00:00 AM,342,False,True,True,
ricardopotts@yahoo.com,27630865-57c5-4a33-8326-6640eb2f6ac8,Kaylee,Coffey,USA,3/14/2025 12:00:00 AM,Mobile App,Golf,Platinum,2916,Non-Binary,7/17/1946 12:00:00 AM,343,True,False,True,
vellis@castillo.com,f300acf4-71e8-4a9f-aa8f-409b88dacc00,Amy,Richards,Germany,1/6/2022 12:00:00 AM,In-Store,Baseball,Platinum,8023,Male,4/13/1975 12:00:00 AM,344,False,False,True,
phillip80@smith.org,9a68f889-b296-46f9-b0e9-11a633a18e4a,Casey,Anderson,Japan,5/25/2020 12:00:00 AM,Website,Running,Silver,8103,Non-Binary,4/3/1980 12:00:00 AM,345,False,True,True,
wongmatthew@torres-ramirez.com,9b7cedac-3227-451c-916e-12b20eee71dc,Hannah,Martinez,Canada,6/8/2023 12:00:00 AM,Social Media,Cricket,Gold,7965,Non-Binary,2/8/2004 12:00:00 AM,346,True,True,False,
robert80@hotmail.com,7118cca8-77b3-4b5f-8f3c-38aec2a31012,Greg,Smith,India,7/22/2020 12:00:00 AM,Mobile App,Cycling,Gold,4700,Non-Binary,6/22/1948 12:00:00 AM,347,False,False,True,
twilliams@jackson.com,687d21ab-0378-430e-acf6-cb6ce7b97a11,Christopher,Turner,South Africa,8/20/2022 12:00:00 AM,Website,Soccer,Bronze,1077,Male,2/14/1988 12:00:00 AM,348,False,False,False,
robin80@graham.com,3bf2ec30-5ccb-464c-9fbb-1a6ea417811b,Steven,Scott,USA,7/14/2020 12:00:00 AM,Website,Golf,Silver,2277,Male,1/19/1967 12:00:00 AM,349,False,True,False,
mark15@yahoo.com,64ab952c-a723-4703-b6ce-d75e1007ccb6,Jacob,Washington,Australia,2/11/2024 12:00:00 AM,Mobile App,Basketball,Gold,5993,Non-Binary,8/9/1951 12:00:00 AM,350,True,True,False,
debra99@banks.net,1663d1e9-30e7-4000-98a6-37904a5c456a,Francisco,Hopkins,France,7/20/2024 12:00:00 AM,Website,Basketball,Silver,6933,Non-Binary,2/14/1971 12:00:00 AM,351,False,False,False,
roberttyler@king.com,43d3c415-60a7-41c8-89ea-e6134bee801d,Christine,Cook,UK,8/17/2024 12:00:00 AM,In-Store,Cycling,Bronze,6569,Female,4/1/1986 12:00:00 AM,352,False,True,False,
michaelmalone@roth.com,f5da5a85-c902-4224-bd3f-4c288ec9a2d6,Jennifer,Mcdonald,Australia,8/27/2020 12:00:00 AM,Social Media,Soccer,Platinum,2174,Male,11/27/1993 12:00:00 AM,353,True,True,True,
jdeleon@hotmail.com,368893d8-1271-4188-836d-9352255f1332,Dawn,Stevenson,South Africa,5/14/2022 12:00:00 AM,Mobile App,Soccer,Platinum,8444,Non-Binary,3/27/1965 12:00:00 AM,354,True,True,False,
rmills@yahoo.com,b082a5fb-b7c4-4009-82b3-ab4b6f8c01bb,Susan,Cobb,UK,2/20/2024 12:00:00 AM,Referral,Cricket,Platinum,440,Non-Binary,10/6/1977 12:00:00 AM,355,True,True,False,
georgemejia@franklin.com,82cf203a-7034-4e80-a83f-b6db35afb6d1,Sharon,Romero,South Africa,7/17/2021 12:00:00 AM,Referral,Cricket,Gold,9247,Male,9/26/1958 12:00:00 AM,356,False,True,True,
rosevickie@greer.com,a97334d9-3d2f-48da-b9dd-1a99f0b01103,Monica,Martin,Canada,2/5/2023 12:00:00 AM,Social Media,Cricket,Platinum,3356,Male,5/27/1963 12:00:00 AM,357,True,True,False,
richardhall@sanchez-hanson.com,40925fb7-005c-40ee-8bfe-26390d6ccbf6,Tyler,Murphy,Canada,8/29/2023 12:00:00 AM,In-Store,Golf,Bronze,8506,Male,1/31/1993 12:00:00 AM,358,True,False,False,
crystalturner@smith.com,a22c64d6-cac6-45d8-bf41-5a289e1c3595,James,Wilson,South Africa,4/21/2024 12:00:00 AM,Social Media,Running,Bronze,7162,Female,7/28/1985 12:00:00 AM,359,False,True,True,
xthomas@gmail.com,e93c0a9f-e87b-4d0d-a382-f701ca2bbe7e,Robert,Lloyd,Australia,2/5/2023 12:00:00 AM,Social Media,Running,Silver,65,Non-Binary,5/6/1997 12:00:00 AM,360,True,True,False,
wrightchad@hotmail.com,b16bef1b-04c6-44b3-bfed-78ce32fb7309,Tony,Boyer,Canada,12/27/2021 12:00:00 AM,Mobile App,Cricket,Bronze,8972,Male,9/24/1998 12:00:00 AM,361,False,True,True,
lewiskyle@gmail.com,7cd35664-74a3-43de-8c5f-d829667ac18c,Richard,Johnson,Canada,4/18/2021 12:00:00 AM,In-Store,Gymnastics,Gold,9610,Non-Binary,3/17/1996 12:00:00 AM,362,True,False,False,
fmaldonado@yahoo.com,71491a9e-6e7d-49b9-83f6-a494ade49b30,Greg,Guerrero,France,4/25/2024 12:00:00 AM,Website,Cycling,Bronze,8856,Male,11/5/1947 12:00:00 AM,363,True,False,False,
patrickreynolds@moore.org,2c2d625b-432d-4afa-a64d-e06d9b39aca4,Stephen,Ramsey,France,6/22/2021 12:00:00 AM,Referral,Tennis,Gold,4278,Female,5/15/1962 12:00:00 AM,364,False,False,False,
faith27@yahoo.com,15051305-3957-4644-be9d-d414db18ff15,Lori,Bowen,Germany,4/11/2020 12:00:00 AM,Referral,Gymnastics,Silver,4542,Male,9/14/1978 12:00:00 AM,365,True,True,False,
erin19@hotmail.com,b74dc96e-033e-450d-8ce4-46efe5ff09ff,Colleen,Murray,India,11/10/2020 12:00:00 AM,In-Store,Soccer,Platinum,8702,Non-Binary,4/14/1961 12:00:00 AM,366,False,False,False,
njohnson@travis.com,961dc6c2-3646-48d6-9d0c-5152dfefe111,Holly,Oconnell,Germany,5/1/2022 12:00:00 AM,Referral,Running,Bronze,5032,Female,2/2/1983 12:00:00 AM,367,True,True,True,
fmoore@miller.com,cca2fd63-127c-4d68-9205-9ce321b193c5,Derrick,Reyes,India,1/26/2024 12:00:00 AM,Social Media,Golf,Gold,554,Male,4/16/1992 12:00:00 AM,368,True,False,True,
qsutton@wiley-ryan.com,d90909e8-ebbe-422f-8dde-9dfaa67f9a00,Jessica,Jenkins,USA,10/27/2023 12:00:00 AM,Referral,Gymnastics,Silver,7893,Male,9/13/1950 12:00:00 AM,369,False,True,True,
nathancallahan@hotmail.com,3d358f05-3d1d-4848-a9e9-42f0ff4fa170,Lisa,Robinson,Canada,10/13/2022 12:00:00 AM,Mobile App,Baseball,Platinum,9578,Non-Binary,11/20/1997 12:00:00 AM,370,True,True,True,
edwardsdenise@murphy.com,1c0f5af9-fad2-436a-a146-a8bad98f26c2,Juan,Robinson,Germany,1/10/2021 12:00:00 AM,Referral,Running,Bronze,5459,Non-Binary,9/21/1968 12:00:00 AM,371,True,True,False,
robinsonvanessa@stokes.com,d61b9a1e-8e48-4c7f-9ada-6e46d0d9f285,Daisy,Nunez,USA,6/29/2020 12:00:00 AM,Website,Cricket,Platinum,2441,Male,2/4/1962 12:00:00 AM,372,False,True,False,
idaniel@gmail.com,09f29ca0-798f-4483-b6f2-5762cd8d7e52,Seth,Martinez,Japan,3/4/2022 12:00:00 AM,Website,Swimming,Platinum,9093,Male,3/8/1989 12:00:00 AM,373,True,False,True,
medwards@parsons.com,6574d2f2-4a72-4a9e-bcd7-9b825f5fc714,Taylor,Grant,Brazil,11/16/2021 12:00:00 AM,Social Media,Cycling,Gold,8338,Male,4/6/1951 12:00:00 AM,374,True,True,False,
bradleygreen@hotmail.com,a9e564a5-b0eb-4d48-b699-2d71e7578852,Megan,Keith,USA,10/29/2022 12:00:00 AM,Social Media,Tennis,Gold,2519,Male,4/12/2004 12:00:00 AM,375,True,False,True,
jhale@yahoo.com,a1c391b7-0167-4ed8-a3bd-0f5d4caff35f,Katrina,Gardner,Canada,12/21/2021 12:00:00 AM,Social Media,Golf,Platinum,332,Female,6/24/1964 12:00:00 AM,376,True,False,False,
lisamendez@yahoo.com,9733ce29-df6e-4665-ac35-e071b7fc11b2,Nancy,Lopez,South Africa,1/2/2023 12:00:00 AM,Mobile App,Running,Platinum,6944,Female,2/19/1986 12:00:00 AM,377,False,True,False,
valdezbarbara@hernandez.com,87011958-b8e6-48df-8dc4-527a92847477,Scott,Nichols,France,2/12/2021 12:00:00 AM,Mobile App,Running,Gold,4452,Male,12/10/2003 12:00:00 AM,378,False,True,False,
znunez@gmail.com,a33c8219-6258-4018-8d51-0d164b4411eb,Scott,Romero,Canada,4/25/2024 12:00:00 AM,Website,Baseball,Silver,587,Female,5/2/1957 12:00:00 AM,379,True,False,True,
oherrera@hotmail.com,29cff6f0-60e2-45a1-8510-88d0dd10d997,Donna,Johnson,India,12/22/2021 12:00:00 AM,In-Store,Gymnastics,Platinum,7981,Female,12/9/1944 12:00:00 AM,380,False,False,False,
probles@sanchez.com,90ac52ed-90e9-40e4-b303-f609727ece71,Keith,Stewart,France,3/9/2022 12:00:00 AM,Mobile App,Cricket,Platinum,8183,Male,12/31/2004 12:00:00 AM,381,False,True,False,
diane64@hotmail.com,f4a31dcc-104f-4235-b29f-82abc8891582,Elizabeth,Hill,USA,8/28/2021 12:00:00 AM,Referral,Gymnastics,Bronze,1046,Female,11/1/1975 12:00:00 AM,382,True,True,True,
sally71@pacheco-roberts.com,f68c4171-5edf-4c77-8ebf-c246d82bbbe8,Taylor,Compton,UK,1/17/2022 12:00:00 AM,Social Media,Tennis,Bronze,7456,Female,3/31/1945 12:00:00 AM,383,False,False,True,
nhall@gmail.com,564fdb3f-ae16-4f94-917f-cddafbda434c,Brian,Welch,UK,4/26/2023 12:00:00 AM,Referral,Baseball,Bronze,6185,Male,9/22/2002 12:00:00 AM,384,False,True,False,
whitejennifer@gmail.com,604d400e-4723-4106-8181-fd5b81612dbf,Patrick,Lewis,France,1/29/2024 12:00:00 AM,Social Media,Baseball,Bronze,45,Male,1/24/1986 12:00:00 AM,385,False,True,False,
williamhunter@henry-huang.com,87a6b6af-b279-463e-8499-0b1e71261221,Alicia,Raymond,Brazil,12/5/2022 12:00:00 AM,Website,Basketball,Silver,9677,Non-Binary,7/29/1950 12:00:00 AM,386,False,True,False,
deborahperry@sanchez.com,3146ff28-b777-49b3-9961-8315233b9d7a,Laura,Roberts,Germany,2/4/2025 12:00:00 AM,Mobile App,Swimming,Platinum,8542,Non-Binary,7/25/1951 12:00:00 AM,387,True,True,True,
anthonyholden@jones.com,7295cf3d-ad35-4c52-aa4f-8403f4a5c1eb,Chloe,Cole,Australia,11/27/2020 12:00:00 AM,Social Media,Tennis,Silver,5828,Non-Binary,5/3/1984 12:00:00 AM,388,True,True,True,
smeyer@hotmail.com,fe11de43-149a-40d1-a914-7934e97097c2,Julie,Mejia,Australia,6/6/2023 12:00:00 AM,Social Media,Gymnastics,Bronze,5199,Non-Binary,7/31/1982 12:00:00 AM,389,False,True,False,
daviswilliam@lawson.com,0224f0dd-6e7f-48a2-a53d-c73c81de8db5,Veronica,Russell,India,2/16/2025 12:00:00 AM,In-Store,Basketball,Gold,5743,Male,4/7/1969 12:00:00 AM,390,True,False,True,
tamaraburgess@cortez.info,73338cfe-aa69-4314-a23a-11d38300bd7a,Melissa,Owens,Australia,6/26/2024 12:00:00 AM,Website,Baseball,Gold,6966,Male,1/28/1958 12:00:00 AM,391,True,True,False,
maria87@yahoo.com,1e35f755-b47d-4651-bdd8-94cc4d2a5a15,Emily,Waller,Canada,8/30/2023 12:00:00 AM,Website,Cricket,Silver,7246,Non-Binary,2/22/1987 12:00:00 AM,392,True,True,False,
griffinbrandon@yahoo.com,9add84fd-cdf1-4c3a-9fdf-94bec0f0a176,Andrea,Young,USA,7/28/2021 12:00:00 AM,Referral,Swimming,Gold,8198,Non-Binary,6/11/1962 12:00:00 AM,393,False,True,False,
regina12@payne.com,3628eba9-1b1b-47d7-8676-b5902831c85d,Sergio,Henderson,India,9/11/2021 12:00:00 AM,Social Media,Gymnastics,Bronze,2826,Female,9/20/1970 12:00:00 AM,394,False,False,True,
kristibaxter@hotmail.com,5d00febb-ab2f-48b7-ab70-0b4f9c82f15f,Eugene,Young,South Africa,8/3/2022 12:00:00 AM,Social Media,Gymnastics,Silver,2508,Female,10/18/1953 12:00:00 AM,395,False,False,False,
huffsarah@hotmail.com,8ec5f0e3-1070-43f4-a5da-0f9c723d381d,Julie,Lopez,India,5/14/2020 12:00:00 AM,Referral,Cricket,Silver,6614,Male,4/4/1997 12:00:00 AM,396,True,False,True,
bakerbrian@ryan.com,b6e24673-0dfa-4628-b55c-18ad632a89f9,Thomas,Armstrong,UK,6/26/2023 12:00:00 AM,In-Store,Baseball,Platinum,6520,Non-Binary,12/17/1966 12:00:00 AM,397,True,True,True,
robertcampos@gmail.com,bf24c07e-b1e6-4444-a845-a8ebf923d0db,Lisa,Abbott,USA,10/14/2024 12:00:00 AM,Mobile App,Baseball,Bronze,1810,Female,10/18/1975 12:00:00 AM,398,True,False,False,
williameaton@gmail.com,21bb31ed-d2dc-46f7-91f7-34ab29239291,David,Johnston,Japan,3/21/2021 12:00:00 AM,Website,Golf,Bronze,2433,Non-Binary,12/9/1948 12:00:00 AM,399,False,True,False,
rwilson@yahoo.com,548c195a-5286-4d85-9722-8446b1134f74,Katelyn,Carson,Japan,9/10/2024 12:00:00 AM,Referral,Cycling,Gold,8593,Female,2/14/1997 12:00:00 AM,400,False,False,False,
kennethspence@gmail.com,0bdc39fa-7fa8-4cc7-80d2-46a22d323f2f,Austin,Walker,Canada,10/18/2020 12:00:00 AM,Website,Gymnastics,Platinum,9367,Male,5/30/1989 12:00:00 AM,401,False,True,True,
joshuamatthews@hotmail.com,8ace8ea9-8ace-436e-b34a-2946755d440e,Laura,Gilbert,USA,5/3/2020 12:00:00 AM,Website,Basketball,Gold,5944,Non-Binary,10/22/2000 12:00:00 AM,402,False,True,True,
twhite@allen-garcia.com,5b289098-4a0a-441d-8c4d-35a8ce1e0280,Andrea,Rodriguez,India,6/7/2024 12:00:00 AM,Mobile App,Tennis,Silver,4578,Female,5/6/1958 12:00:00 AM,403,True,True,False,
linda08@hotmail.com,1677d542-d63b-4d6e-8a8c-8de7e1773d74,Stephanie,Mclaughlin,South Africa,7/6/2023 12:00:00 AM,In-Store,Soccer,Bronze,536,Non-Binary,6/6/1990 12:00:00 AM,404,True,True,True,
hcole@gmail.com,b9409a45-5052-4fbb-8649-40069b2132b1,Aaron,Rogers,UK,11/1/2022 12:00:00 AM,Referral,Soccer,Gold,7462,Male,12/5/1957 12:00:00 AM,405,False,False,True,
farnold@gmail.com,8c7d43d9-5ae7-4fc4-9bbb-0b7054ba15df,Richard,Rose,Canada,7/28/2020 12:00:00 AM,In-Store,Cricket,Platinum,4551,Female,2/1/1993 12:00:00 AM,406,False,True,False,
turnerjamie@smith-webster.com,a757ceec-7422-4c93-8eba-082c7283b234,Bryan,Henry,South Africa,4/22/2024 12:00:00 AM,Social Media,Cricket,Bronze,9141,Female,5/4/1978 12:00:00 AM,407,True,False,False,
fcarter@diaz.com,84d2c846-baf5-4cce-aaaa-53423cb79ccd,Mary,Holmes,Canada,6/4/2021 12:00:00 AM,Referral, ,Gold,9061,Male,6/16/1963 12:00:00 AM,408,False,False,False,
robertharris@gmail.com,10978f33-3629-4bff-a204-6b503e52ac5b,Sarah,Jones,Australia,8/18/2022 12:00:00 AM,Social Media,Cycling,Bronze,9972,Non-Binary,4/7/1965 12:00:00 AM,409,True,True,True,
peter90@yahoo.com,d7810c3d-48a6-4ccd-b38e-839d7ed02c05,Sue,Moore,India,7/7/2020 12:00:00 AM,Mobile App,Golf,Platinum,2490,Non-Binary,10/24/1945 12:00:00 AM,410,True,True,False,
stephen68@hotmail.com,1ff0c2f5-722f-4da4-9798-f55343c85569,Michael,Smith,Germany,3/3/2022 12:00:00 AM,Website,Basketball,Platinum,8751,Male,9/1/1992 12:00:00 AM,411,False,False,False,
vwong@phillips.com,7def6b97-d73b-49e7-b29b-7ae13975a3a6,Stephanie,Stevens,South Africa,10/9/2024 12:00:00 AM,In-Store,Gymnastics,Platinum,6237,Male,2/1/1975 12:00:00 AM,412,True,False,True,
brenda54@gmail.com,2234ed66-feab-45df-b5d8-68486a296e7d,Linda,Taylor,Australia,1/5/2022 12:00:00 AM,In-Store,Baseball,Platinum,9027,Non-Binary,8/22/2002 12:00:00 AM,413,False,True,False,
mguzman@gmail.com,9bd29cfa-3ab9-4903-8e36-a8773987af99,Patricia,Garrett,India,10/7/2023 12:00:00 AM,Social Media,Golf,Gold,6777,Non-Binary,9/30/1979 12:00:00 AM,414,False,True,True,
lawsonlori@newman.biz,04e52639-947c-4091-bdbb-710b6c54fe5e,Kara,Watson,Australia,12/30/2022 12:00:00 AM,Social Media,Golf,Platinum,3412,Male,7/21/1950 12:00:00 AM,415,False,False,True,
sara19@gmail.com,3a053f20-d480-4f63-8828-ad05042685d9,Ricky,Galloway,UK,6/20/2022 12:00:00 AM,Mobile App,Tennis,Gold,3420,Non-Binary,3/27/2000 12:00:00 AM,416,False,True,False,
rdunn@hotmail.com,7d9fb9f2-969f-465b-bdfc-72e52c9c7d0a,Marilyn,Mitchell,France,6/14/2022 12:00:00 AM,Mobile App,Cycling,Platinum,5889,Female,10/20/1982 12:00:00 AM,417,True,True,False,
christianyang@hotmail.com,574949d5-a868-44b4-b10c-f3d0675c1fa3,Melissa,Hampton,Canada,11/17/2023 12:00:00 AM,Referral,Swimming,Bronze,1527,Female,4/14/1995 12:00:00 AM,418,False,True,False,
isanchez@hotmail.com,4ad051de-94a8-4e50-911d-f188877a0c44,Billy,Waters,Japan,8/22/2022 12:00:00 AM,Referral,Basketball,Silver,8564,Female,1/11/1954 12:00:00 AM,419,True,True,False,
jessicaaguilar@gmail.com,defedc24-9f72-48fb-8250-70af89c4246c,Megan,Santos,Brazil,2/2/2021 12:00:00 AM,In-Store,Golf,Bronze,4564,Non-Binary,3/31/1978 12:00:00 AM,420,False,True,True,
santosanthony@gmail.com,d181d1d7-959a-40d8-9225-d4a1f741f8f8,Tammy,Rice,France,5/15/2021 12:00:00 AM, ,Tennis,Gold,4231,Non-Binary,2/10/2004 12:00:00 AM,421,False,True,False,
christine46@rollins-gonzalez.com,848268b3-09c6-425d-8e34-9cb6b9717368,Michael,Mitchell,Australia,4/28/2020 12:00:00 AM,Social Media,Gymnastics,Bronze,9733,Non-Binary,2/10/1963 12:00:00 AM,422,False,False,False,
warnerjason@hotmail.com,5c85406c-6d3b-4445-9c8d-c06be0f05ce9,Antonio,Martinez,Canada,11/30/2022 12:00:00 AM,Website,Basketball,Platinum,5387,Non-Binary,8/28/1966 12:00:00 AM,423,False,True,True,
dawsonshelby@hotmail.com,cdda7d07-d320-442a-923f-a4508e77943d,James,Black,South Africa,3/9/2024 12:00:00 AM, ,Soccer,Gold,6909,Female,1/1/1969 12:00:00 AM,424,False,True,False,
todd87@yahoo.com,05314aba-5d97-4aee-992a-53d39c007b5b,Patrick,Smith,South Africa,6/12/2024 12:00:00 AM,Social Media,Gymnastics,Platinum,2884,Male,11/4/1981 12:00:00 AM,425,False,True,False,
lsalas@yahoo.com,99c6d70a-eb63-45d7-a3b7-339ab89a176b,Amy,Sutton,India,1/23/2023 12:00:00 AM,Social Media, ,Gold,1748,Non-Binary,3/29/1951 12:00:00 AM,426,True,False,True,
stephen12@gmail.com,b2eeb1f9-fdaa-4a54-9812-2ba108f5c427,Charles,Garcia,India,3/22/2020 12:00:00 AM,Mobile App,Gymnastics,Bronze,5011,Male,10/1/1994 12:00:00 AM,427,True,False,False,
asmith@gmail.com,bd471f5b-b24e-40f6-b313-5dc1a5af62a3,John,Moore,South Africa,4/20/2022 12:00:00 AM,Referral,Baseball,Gold,9428,Male,8/3/1976 12:00:00 AM,428,False,False,True,
teresa62@hughes-smith.biz,e5b6d1a6-c227-4840-bf11-6c213fc97b03,Jessica,Casey,Australia,10/26/2023 12:00:00 AM,Website,Tennis,Platinum,9738,Non-Binary,6/30/2001 12:00:00 AM,429,True,True,False,
barrettandrew@blackwell.org,81d4395a-60f3-4662-a90e-2c6912f278c5,Jessica,Mueller,Japan,12/29/2022 12:00:00 AM,Social Media,Running,Gold,6479,Female,7/4/1949 12:00:00 AM,430,False,False,True,
michael06@gmail.com,70b67c74-f7c6-4628-b933-6809b6c51fc7,Clinton,Lane,Australia,6/19/2023 12:00:00 AM,Referral,Running,Bronze,6904,Female,7/29/1952 12:00:00 AM,431,False,True,True,
morrisbrandon@miller-collins.com,183c06e2-3117-4866-ae1d-be645834d5ca,Joshua,Mendez,India,12/14/2023 12:00:00 AM,In-Store,Running,Gold,9937,Female,2/23/2000 12:00:00 AM,432,False,False,False,
jessesanchez@hotmail.com,0b4cbcbd-e781-4c9c-9818-2e0139c9c56e,Madeline,Taylor,Germany,11/8/2022 12:00:00 AM,In-Store,Baseball,Platinum,821,Female,4/8/1954 12:00:00 AM,433,True,True,False,
christophermiles@hotmail.com,04533516-a441-48fe-aff9-f6906b383bb6,Andrea,Smith,UK,11/24/2020 12:00:00 AM,Social Media,Golf,Silver,7874,Female,11/20/1953 12:00:00 AM,434,True,True,False,
rwest@yahoo.com,d8d59683-4aa5-4df0-b02c-2be8a328ee63,Jeremy,Murillo,UK,8/6/2021 12:00:00 AM,Social Media,Cycling,Gold,3697,Female,11/17/1965 12:00:00 AM,435,True,True,True,
manuelbrown@sherman-harris.com,bdbe3f83-e235-4346-a79a-ee2290f84249,Shannon,Lowe,Australia,4/25/2022 12:00:00 AM,Mobile App,Cricket,Platinum,2865,Non-Binary,7/10/1948 12:00:00 AM,436,True,True,True,
mweaver@hotmail.com,083e4cc7-60c2-43a9-b8e1-05b1e80c2a97,Jennifer,Brown,France,10/9/2024 12:00:00 AM,Social Media,Swimming,Bronze,6008,Female,5/18/1956 12:00:00 AM,437,True,False,False,
bennetttroy@hotmail.com,24b803af-0bd6-4a3e-ac6f-ecbb11f108f8,Katie,Henderson,Australia,10/5/2020 12:00:00 AM,In-Store,Soccer,Silver,2986,Female,2/15/1968 12:00:00 AM,438,False,True,True,
sara73@gmail.com,6922ca7c-73a6-4f47-b8c7-ea35e968a566,Curtis,Smith,France,2/25/2022 12:00:00 AM,Mobile App,Golf,Platinum,826,Female,5/3/1994 12:00:00 AM,439,True,False,True,
reedroberto@hotmail.com,f0c48a4e-3ea8-41d9-93d7-cd07b7b4f3c9,Nancy,Jenkins,Japan,10/13/2020 12:00:00 AM,Referral,Cycling,Platinum,6350,Female,9/20/1955 12:00:00 AM,440,True,False,True,
jonescarlos@davis-young.com,ad8239ca-3821-483e-8245-f84dc91a1a9a,Douglas,Hill,Australia,11/17/2021 12:00:00 AM,Social Media,Cycling,Platinum,7071,Female,11/13/1984 12:00:00 AM,441,True,True,True,
jasonmclaughlin@yahoo.com,e13748ff-c7f3-46b7-a268-18b8fd438c1c,Donna,Woodward,Germany,4/19/2023 12:00:00 AM,Social Media,Running,Platinum,3558,Male,7/12/1979 12:00:00 AM,442,True,True,True,
hernandezwilliam@reese.com,097d8db3-e483-4613-b807-07a9fd20a0c0,Abigail,Robinson,USA,7/31/2022 12:00:00 AM,Website,Running,Platinum,333,Female,10/11/1977 12:00:00 AM,443,False,False,True,
clee@fox.org,5cee3fc4-5620-4ab2-bb3f-4a96346fdc35,Jennifer,Long,Germany,3/31/2024 12:00:00 AM,Referral,Baseball,Gold,1104,Male,11/27/1985 12:00:00 AM,444,True,False,True,
gregory30@robbins.com,8819a6e8-e2b4-4b60-9fa9-dd37d3a6ef46,Diana,Roberts,Canada,6/8/2023 12:00:00 AM,Website,Swimming,Gold,4530,Male,7/22/1954 12:00:00 AM,445,True,True,False,
sandra68@yahoo.com,58f6b8d0-6c3c-4ecf-a913-6e0ebe3f0b6a,Jamie,Macdonald,Australia,9/20/2021 12:00:00 AM,Mobile App,Tennis,Platinum,7413,Non-Binary,4/7/1987 12:00:00 AM,446,True,True,False,
glewis@gillespie.net,da8a5eaf-396a-431f-ac27-887de370046e,Stephanie,Estrada,Germany,7/3/2021 12:00:00 AM,Social Media,Baseball,Gold,4667,Non-Binary,10/29/1981 12:00:00 AM,447,True,False,True,
williamknapp@yahoo.com,27e57ede-db0d-4dd9-9346-938ea720b1b1,Matthew,Williams,Germany,7/2/2024 12:00:00 AM,Mobile App,Gymnastics,Silver,2939,Male,1/12/1963 12:00:00 AM,448,False,True,False,
taylorwanda@gmail.com,b1bc871c-37f4-4e93-adcc-2827d07f6fd2,Michelle,Williams,Australia,2/9/2025 12:00:00 AM,Website,Tennis,Silver,4960,Male,2/14/2000 12:00:00 AM,449,False,True,True,
willie62@lane.net,81a9a098-d172-4044-a949-dd0ffa78005c,William,Malone,Germany,2/20/2024 12:00:00 AM,Mobile App,Soccer,Silver,1637,Non-Binary,2/8/1981 12:00:00 AM,450,False,True,False,
vwilson@curry.com,fd02225e-c349-4531-b7ea-79fa8cf7d24c,Preston,Mosley,India,2/4/2023 12:00:00 AM,Mobile App,Cricket,Bronze,2270,Male,7/3/1990 12:00:00 AM,451,True,True,True,
martinezpaul@yahoo.com,d2bb8c4a-8a22-4491-a5c0-4f789748f16f,Victoria,Bowman,Canada,10/6/2021 12:00:00 AM,In-Store,Golf,Platinum,1679,Female,5/19/2006 12:00:00 AM,452,False,True,True,
pvega@lee.info,2d6d0cad-c9d3-41b4-8d2d-09b86908e197,Darlene,Mendoza,South Africa,10/9/2023 12:00:00 AM,Mobile App,Gymnastics,Silver,6140,Non-Binary,2/28/1997 12:00:00 AM,453,True,True,True,
halldanielle@hotmail.com,f1102019-2fc9-488c-8425-93a616f6dbf5,Diana,Fletcher,UK,10/16/2022 12:00:00 AM,Website,Tennis,Silver,1337,Male,11/19/1947 12:00:00 AM,454,True,False,False,
annettepatel@gmail.com,227a748a-1f05-4b94-a2bf-43f84859a680,Gina,Stanley,Germany,7/7/2024 12:00:00 AM,In-Store,Swimming,Gold,5256,Female,1/14/1955 12:00:00 AM,455,False,True,True,
blake63@yahoo.com,fa9a45ec-ad2d-4a88-91d0-921adbbdae4d,Timothy,Gillespie,Japan,7/24/2020 12:00:00 AM,Referral,Swimming,Silver,1085,Male,5/16/1998 12:00:00 AM,456,True,True,False,
whitemarc@hotmail.com,d0cd327f-a1b5-4aee-95b3-ef6d07dee9a0,Michael,Wong,India,6/28/2022 12:00:00 AM,Referral,Baseball,Silver,496,Male,9/25/1977 12:00:00 AM,457,True,True,False,
downsrobert@rivers-rivera.info,e0150d1b-3535-4360-8707-46894e17e872,Charles,Singleton,France,11/28/2022 12:00:00 AM,In-Store,Cycling,Bronze,9885,Non-Binary,9/21/1965 12:00:00 AM,458,False,False,True,
mathew79@myers.info,6f8d9c23-a723-465d-8b91-08740c075c74,Anthony,Patel,USA,8/20/2024 12:00:00 AM,Website,Swimming,Gold,313,Female,1/10/1995 12:00:00 AM,459,False,False,True,
kimberly05@hunt-gonzalez.com,2d83df55-a104-45d2-b222-09b6d781e87c,Justin,Patton,Australia,5/26/2022 12:00:00 AM,Mobile App,Tennis,Silver,1622,Non-Binary,11/19/1972 12:00:00 AM,460,False,False,False,
rhondaedwards@yahoo.com,afc65d28-3b99-49ea-895d-954c0d00fb23,Erica,Scott,Australia,12/1/2020 12:00:00 AM,Social Media,Gymnastics,Platinum,2199,Non-Binary,11/17/2005 12:00:00 AM,461,True,True,True,
josephmcguire@hotmail.com,9ad2b1db-ad98-4472-9f76-372f7eeecc8f,Joseph,Scott,France,8/30/2024 12:00:00 AM,In-Store,Soccer,Bronze,4406,Male,1/20/1962 12:00:00 AM,462,False,False,True,
murrayrick@yahoo.com,de56f835-6790-4059-a152-9643c0923392,Joseph,Long,USA,2/22/2024 12:00:00 AM,Mobile App,Swimming,Silver,9879,Male,6/13/1967 12:00:00 AM,463,True,True,False,
teresahughes@yahoo.com,30f040d1-7104-4d0b-a79d-6ccdf579e0e4,Stanley,Walsh,USA,6/22/2021 12:00:00 AM,Website,Baseball,Silver,7947,Female,1/22/1962 12:00:00 AM,464,True,False,False,
bbarton@gmail.com,30bf932e-aa92-4c03-b672-bcc1fd9c0895,Angel,Villa,Germany,9/1/2024 12:00:00 AM,Social Media,Baseball,Silver,6943,Male,5/6/1966 12:00:00 AM,465,False,True,True,
phillip15@duncan-cantu.com,a337204a-4051-4a52-9a79-87a18a403b0d,Kaylee,Ewing,Canada,10/5/2023 12:00:00 AM,Social Media,Tennis,Bronze,5660,Non-Binary,8/11/1963 12:00:00 AM,466,False,True,False,
anntaylor@hotmail.com,a86997b1-5df5-4fbe-ae39-40c5902214fc,Maria,Merritt,UK,11/16/2021 12:00:00 AM,In-Store,Basketball,Silver,2818,Female,12/12/1980 12:00:00 AM,467,True,True,False,
alan39@price.com,a2b231d5-3207-4c11-969c-37fedc6e7a6d,Jessica,Hill,Brazil,3/22/2020 12:00:00 AM,Social Media,Cricket,Bronze,569,Non-Binary,9/26/1983 12:00:00 AM,468,False,True,False,
josephedwards@guerra.biz,6dab8a46-8ece-461a-9459-be60a86a1086,Benjamin,Johnson,UK,3/9/2022 12:00:00 AM,Mobile App,Basketball,Platinum,6076,Male,4/27/1978 12:00:00 AM,469,True,False,True,
thomasjames@george-bruce.com,c7942a08-f671-454d-9ac4-f63fb72b47b7,Michael,Contreras,Germany,8/23/2020 12:00:00 AM,Website,Soccer,Silver,2813,Female,8/2/1950 12:00:00 AM,470,True,True,True,
vcollins@cardenas.com,f403d6d0-c348-4db6-91f6-0a196defb070,Joseph,Best,South Africa,9/15/2024 12:00:00 AM,Social Media,Running,Gold,6743,Male,4/2/1956 12:00:00 AM,471,False,False,True,
alvaradojason@ochoa.net,e1231081-4071-4209-bed4-c139b13be7a4,Jasmine,Jenkins,Canada,3/5/2024 12:00:00 AM,Social Media,Golf,Platinum,8997,Female,11/7/1952 12:00:00 AM,472,True,False,False,
dcollins@marquez-gross.biz,59171315-03e2-457a-8a11-d7025fe36d73,Allison,Washington,Brazil,12/23/2022 12:00:00 AM,Website,Swimming,Platinum,8767,Non-Binary,5/5/1996 12:00:00 AM,473,True,True,False,
smithsandra@morales.com,e70fb5d7-4077-458c-87e2-a38e6d799b65,Stephen,Acosta,Canada,12/23/2021 12:00:00 AM,In-Store,Cricket,Silver,3691,Male,9/27/1951 12:00:00 AM,474,True,True,False,
hoffmanmatthew@johnson.com,33f7855f-502e-4a71-a0cf-cc36479cb186,Maurice,Kelly,USA,3/7/2024 12:00:00 AM,Social Media,Gymnastics,Gold,7617,Female,9/19/1981 12:00:00 AM,475,False,False,True,
charles72@williams.com,444260ae-1e5a-4d22-bfd7-a2db05ae74ac,Sara,Franklin,Japan,4/13/2020 12:00:00 AM,Website,Running,Silver,7531,Non-Binary,12/19/1996 12:00:00 AM,476,True,False,True,
mmoore@knight.com,8f7696d7-d290-4f4f-9d83-46d97ed96bb7,Ross,Dunn,India,3/6/2023 12:00:00 AM,Social Media,Golf,Platinum,1981,Non-Binary,9/30/2000 12:00:00 AM,477,False,True,True,
richard60@owens-walsh.info,6d4b5d1e-442b-4fec-a678-5d33ddff0495,Samantha,Kramer,France,8/4/2023 12:00:00 AM,Mobile App,Cricket,Platinum,6073,Non-Binary,11/5/1961 12:00:00 AM,478,False,True,False,
josephjohnson@wade.info,f9ee320e-5d66-4f45-877b-57d7670f0736,Jamie,Chandler,USA,7/15/2022 12:00:00 AM,In-Store,Running,Silver,6070,Male,10/12/2003 12:00:00 AM,479,False,False,False,
katherine22@hotmail.com,91b457f1-f564-4687-a14c-158aae87a2a5,Angela,Vance,South Africa,7/26/2020 12:00:00 AM,In-Store,Swimming,Silver,9624,Non-Binary,10/30/2004 12:00:00 AM,480,False,True,True,
marcus17@rios.org,8aec3328-2517-4a8e-b783-7e72736d1209,Morgan,Davis,Japan,11/22/2022 12:00:00 AM,Mobile App,Cricket,Silver,5270,Female,1/1/1965 12:00:00 AM,481,False,True,False,
whitney00@reed.net,a22a0253-9419-4093-a341-e6f3ee65c2c9,Peter,Hayes,Japan,4/9/2024 12:00:00 AM,Social Media,Cricket,Platinum,4860,Non-Binary,1/19/1997 12:00:00 AM,482,True,True,True,
calhounapril@gmail.com,9e32e2cf-dce3-4078-9dd6-9cf22ce5ffea,Peggy,Odom,South Africa,12/30/2021 12:00:00 AM,Mobile App,Golf,Bronze,7385,Non-Binary,4/9/1960 12:00:00 AM,483,False,True,False,
hhowell@hotmail.com,a2e943f7-9ef2-494c-983f-067727d2f0d9,James,Phillips,USA,4/3/2023 12:00:00 AM,Website,Soccer,Bronze,4078,Non-Binary,2/16/2004 12:00:00 AM,484,True,True,True,
lisagarcia@hotmail.com,e7ddeb5a-0d24-4bdb-97b8-913e07bc20d0,Shannon,Cohen,Australia,3/16/2024 12:00:00 AM,Referral,Golf,Platinum,366,Male,7/22/1995 12:00:00 AM,485,True,True,True,
kristinaromero@yahoo.com,70ae7b66-89f4-4c9a-9fc5-c2a87a360c62,Kayla,Schneider,France,8/4/2020 12:00:00 AM,Mobile App,Cycling,Silver,343,Female,10/10/1963 12:00:00 AM,486,True,False,True,
georgemark@howe.com,f43fe5bd-a22b-41c2-8c83-21cc459f43c5,Teresa,Coleman,France,10/6/2020 12:00:00 AM,Social Media,Cycling,Gold,282,Non-Binary,12/6/1989 12:00:00 AM,487,False,True,True,
bmeyers@hotmail.com,f0faa1c8-a2c2-483d-b662-74ae81ef91c2,Anita,Sweeney,UK,9/13/2024 12:00:00 AM,In-Store,Basketball,Platinum,3178,Non-Binary,5/28/1960 12:00:00 AM,488,False,True,False,
yhall@zavala.com,b1b6bc1a-74f7-4992-8431-33c36636ee05,Victoria,Terry,France,2/18/2025 12:00:00 AM,Website,Golf,Silver,2401,Non-Binary,2/4/1975 12:00:00 AM,489,False,True,False,
portereric@johnson.com,866e29fe-22d7-446b-864e-08e3c6936d6a,Savannah,Maxwell,Canada,8/18/2022 12:00:00 AM,Social Media,Gymnastics,Gold,7041,Non-Binary,11/29/1951 12:00:00 AM,490,True,False,True,
alexandersamuel@salazar-patterson.com,5f0455e3-a7f3-4f28-9cba-0733b0e63a82,Jason,Flynn,UK,7/17/2021 12:00:00 AM,Social Media,Tennis,Silver,4037,Female,9/5/2000 12:00:00 AM,491,False,False,False,
christy38@hotmail.com,6ae42ca3-f6c1-493e-b3c4-3a3a04854f12,Robert,Diaz,France,2/10/2023 12:00:00 AM,In-Store,Running,Bronze,2192,Female,12/6/1952 12:00:00 AM,492,False,False,True,
christensencory@hotmail.com,d9dce2c3-5ff5-4b5f-a685-02aaeab27442,Margaret,Johnson,France,6/16/2022 12:00:00 AM,In-Store,Tennis,Bronze,3379,Non-Binary,4/2/1994 12:00:00 AM,493,True,True,True,
gortiz@hotmail.com,3430d390-01bc-4a53-9e2e-0042b889971d,Stacy,Alexander,USA,1/19/2022 12:00:00 AM,Social Media,Cricket,Gold,362,Male,7/10/1981 12:00:00 AM,494,False,False,False,
nicholas03@hotmail.com,ff4ca29a-11b0-4850-8466-df607db5f440,Cheryl,Adams,Canada,9/19/2024 12:00:00 AM,Referral,Cricket,Bronze,2369,Male,9/18/1946 12:00:00 AM,495,False,True,True,
deborahevans@haynes-lawrence.com,41af940b-5802-40ff-a353-92db8b45a558,Jack,Rivera,Canada,12/25/2021 12:00:00 AM,In-Store,Golf,Silver,3976,Female,6/15/1968 12:00:00 AM,496,True,False,True,
jnguyen@kelly-baker.biz,5cf9fac8-c51c-4832-ab39-fbf8317e336c,Matthew,Bryant,France,8/2/2024 12:00:00 AM,Referral,Tennis,Bronze,5656,Non-Binary,3/13/1999 12:00:00 AM,497,True,True,True,
murphyandrew@hill.info,19b76137-9d18-4ca6-bc8e-d5df5b6f92a3,Amy,Garcia,France,4/22/2024 12:00:00 AM,Social Media,Swimming,Platinum,5412,Male,7/10/1962 12:00:00 AM,498,False,True,False,
shirleygilbert@gmail.com,d5bf3595-9cc1-4095-a39c-85215db045df,Maria,Malone,USA,12/1/2022 12:00:00 AM,In-Store,Running,Silver,3133,Non-Binary,2/10/1999 12:00:00 AM,499,False,True,False,
geraldquinn@gmail.com,895e41b6-ead4-4317-b17e-c18db9571eaa,Connie,Harding,Brazil,8/24/2021 12:00:00 AM,Social Media,Baseball,Platinum,8511,Female,3/11/1995 12:00:00 AM,500,False,True,True,